qa_id,category,difficulty,question,golden_answer,reasoning_path,entities_used
Q001,lookup,easy,Who is the business owner and who is the tech lead of Security Log Monitoring (SIEM)?,"Business owner: Claudia Lang (Head of CISO Office, Cyber Governance, Risk & Compliance). Tech lead: Rahul Verma (SOC Lead, Security Operations Center).",P-CYB-01 -> business_owner_id / tech_lead_id -> people,P-CYB-01;Claudia Lang;Rahul Verma
Q002,lookup,easy,Who is the business owner and who is the tech lead of Identity & Access Governance?,"Business owner: Claudia Lang (Head of CISO Office, Cyber Governance, Risk & Compliance). Tech lead: Christian Vogel (IAM Lead, Identity & Access Management Team).",P-CYB-02 -> business_owner_id / tech_lead_id -> people,P-CYB-02;Claudia Lang;Christian Vogel
Q003,lookup,easy,Who is the business owner and who is the tech lead of SAP S/4HANA Finance Core?,"Business owner: Lena Fischer (Head of Group Accounting, Group Accounting & Controlling). Tech lead: Sandra Koehler (S/4 Finance Solution Architect, Finance ERP Technical Team).",P-FIN-01 -> business_owner_id / tech_lead_id -> people,P-FIN-01;Lena Fischer;Sandra Koehler
Q004,lookup,easy,Who is the business owner and who is the tech lead of Finance Analytics & Reporting?,"Business owner: Lena Fischer (Head of Group Accounting, Group Accounting & Controlling). Tech lead: Leonie Haas (Finance BI Lead, Finance Analytics Team).",P-FIN-02 -> business_owner_id / tech_lead_id -> people,P-FIN-02;Lena Fischer;Leonie Haas
Q005,lookup,easy,Who is the business owner and who is the tech lead of Supplier Portal?,"Business owner: Andreas Schneider (VP Strategic Sourcing, Strategic Sourcing). Tech lead: Anjali Kapoor (Full-stack Developer, Supplier Portal & SRM Technical Team).",P-PRO-01 -> business_owner_id / tech_lead_id -> people,P-PRO-01;Andreas Schneider;Anjali Kapoor
Q006,lookup,easy,Who is the business owner and who is the tech lead of Loan Origination Platform?,"Business owner: Isabelle Moreau (Product Owner Lending, DTFS Credit & Lending Business). Tech lead: Alexander Beck (Loan Platform Tech Lead, DTFS Loan Platform Engineering).",P-DTFS-01 -> business_owner_id / tech_lead_id -> people,P-DTFS-01;Isabelle Moreau;Alexander Beck
Q007,lookup,easy,Who is the business owner and who is the tech lead of Credit Scoring Engine?,"Business owner: James Whitfield (Credit Policy Manager, DTFS Credit & Lending Business). Tech lead: Vivek Choudhary (ML Engineer, DTFS Credit Risk Modelling).",P-DTFS-02 -> business_owner_id / tech_lead_id -> people,P-DTFS-02;James Whitfield;Vivek Choudhary
Q008,lookup,easy,Who is the business owner and who is the tech lead of Dealer Management Platform?,"Business owner: Laura Bennett (Dealer Network Manager, Sales Operations). Tech lead: Patrick Sommer (Dealer Platform Architect, Dealer & Service Platform Engineering).",P-SAL-01 -> business_owner_id / tech_lead_id -> people,P-SAL-01;Laura Bennett;Patrick Sommer
Q009,lookup,easy,Who is the business owner and who is the tech lead of Telematics Data Ingestion?,"Business owner: Gerhard Lutz (Head of Aftersales, Aftersales & Service). Tech lead: Henrik Larsen (Cloud Developer, Dealer & Service Platform Engineering).",P-SAL-04 -> business_owner_id / tech_lead_id -> people,P-SAL-04;Gerhard Lutz;Henrik Larsen
Q010,lookup,easy,Who is the business owner and who is the tech lead of SuccessFactors HR Core?,"Business owner: Birgit Sauer (HR Business Partner IT & Security, HR Business Partners). Tech lead: Christoph Reiter (HR Systems Lead, HR Systems Team).",P-HR-01 -> business_owner_id / tech_lead_id -> people,P-HR-01;Birgit Sauer;Christoph Reiter
Q011,lookup,easy,Who is the business owner and who is the tech lead of Financial Data Mart?,"Business owner: Thomas Albrecht (Group Controller, Group Accounting & Controlling). Tech lead: Suresh Kumar (BI Developer, Finance Analytics Team).",P-FIN-05 -> business_owner_id / tech_lead_id -> people,P-FIN-05;Thomas Albrecht;Suresh Kumar
Q012,lookup,easy,Who is the business owner and who is the tech lead of Ariba Sourcing & Contracts?,"Business owner: Maria Gonzalez (Category Manager Powertrain, Strategic Sourcing). Tech lead: Benedikt Maier (Ariba Solution Lead, Supplier Portal & SRM Technical Team).",P-PRO-02 -> business_owner_id / tech_lead_id -> people,P-PRO-02;Maria Gonzalez;Benedikt Maier
Q013,lookup,easy,Which cloud platform services does Security Log Monitoring (SIEM) use and for what?,Microsoft Sentinel (AZ-SEN) - SIEM correlation and alerting; Log Analytics Workspace (AZ-LAW) - Log storage and KQL hunting; Microsoft Entra ID (AZ-AAD) - Sign-in log source,P-CYB-01 -> project_service_usage -> platform_services,P-CYB-01;AZ-SEN;AZ-LAW;AZ-AAD
Q014,lookup,easy,Which cloud platform services does Supplier Portal use and for what?,Azure Kubernetes Service (AZ-AKS) - Portal microservices; Azure API Management (AZ-APIM) - Supplier and S/4 API gateway; SAP Ariba (SAP-ARI) - Supplier master and catalog sync,P-PRO-01 -> project_service_usage -> platform_services,P-PRO-01;AZ-AKS;AZ-APIM;SAP-ARI
Q015,lookup,easy,Which cloud platform services does Loan Origination Platform use and for what?,Azure Kubernetes Service (AZ-AKS) - Application microservices; Azure API Management (AZ-APIM) - Dealer and partner APIs; Databricks Lakehouse (DBX-LH) - Applicant data enrichment,P-DTFS-01 -> project_service_usage -> platform_services,P-DTFS-01;AZ-AKS;AZ-APIM;DBX-LH
Q016,lookup,easy,Which cloud platform services does Dealer Management Platform use and for what?,Amazon EKS (AWS-EKS) - Dealer platform services; Amazon RDS (AWS-RDS) - Dealer and stock database; Amazon S3 (AWS-S3) - Document storage,P-SAL-01 -> project_service_usage -> platform_services,P-SAL-01;AWS-EKS;AWS-RDS;AWS-S3
Q017,lookup,easy,Which cloud platform services does Telematics Data Ingestion use and for what?,Amazon Kinesis (AWS-KIN) - Truck telemetry streaming; Amazon S3 (AWS-S3) - Raw telemetry storage; Databricks Lakehouse (DBX-LH) - Telemetry processing; Delta Live Tables (DBX-DLT) - Streaming pipelines,P-SAL-04 -> project_service_usage -> platform_services,P-SAL-04;AWS-KIN;AWS-S3;DBX-LH;DBX-DLT
Q018,lookup,easy,Which cloud platform services does Finance Analytics & Reporting use and for what?,SAP Analytics Cloud (SAP-SAC) - Dashboards and planning; SAP Datasphere (SAP-DSP) - Semantic layer on S/4 data,P-FIN-02 -> project_service_usage -> platform_services,P-FIN-02;SAP-SAC;SAP-DSP
Q019,lookup,easy,Which cloud platform services does Regulatory Reporting (IFRS 9 / Basel) use and for what?,Snowflake Data Warehouse (SNF-DW) - Regulatory data mart; Snowflake Secure Data Sharing (SNF-SH) - Shared contract and finance data; SAP Analytics Cloud (SAP-SAC) - Regulatory dashboards,P-DTFS-05 -> project_service_usage -> platform_services,P-DTFS-05;SNF-DW;SNF-SH;SAP-SAC
Q020,lookup,easy,Which cloud platform services does Security Data Lake use and for what?,Databricks Lakehouse (DBX-LH) - Security telemetry lakehouse; Databricks Unity Catalog (DBX-UC) - Data governance; Azure Data Factory (AZ-ADF) - Log ingestion pipelines,P-CYB-05 -> project_service_usage -> platform_services,P-CYB-05;DBX-LH;DBX-UC;AZ-ADF
Q021,lookup,easy,Which cloud platform services does Customer 360 & CRM Data Platform use and for what?,Snowflake Data Warehouse (SNF-DW) - Customer 360 store; Databricks Lakehouse (DBX-LH) - Identity resolution pipelines; Snowflake Cortex (SNF-CORT) - AI-generated customer summaries,P-SAL-02 -> project_service_usage -> platform_services,P-SAL-02;SNF-DW;DBX-LH;SNF-CORT
Q022,lookup,easy,Which cloud platform services does Spend Analytics use and for what?,Snowflake Data Warehouse (SNF-DW) - Spend cube; SAP Analytics Cloud (SAP-SAC) - Spend dashboards,P-PRO-04 -> project_service_usage -> platform_services,P-PRO-04;SNF-DW;SAP-SAC
Q023,lookup,easy,"What is the project 'Security Data Lake', in which domain, and what is its status?",Lakehouse for long-term security telemetry used for threat hunting and ML anomaly detection. Domain: Cyber Security. Status: In Delivery (business criticality: medium).,P-CYB-05 -> projects.csv,P-CYB-05;CYB
Q024,lookup,easy,"What is the project 'Treasury & Cash Management', in which domain, and what is its status?","Cash positioning, bank connectivity, liquidity forecasting and FX hedging. Domain: Finance. Status: In Delivery (business criticality: high).",P-FIN-04 -> projects.csv,P-FIN-04;FIN
Q025,lookup,easy,"What is the project 'Procure-to-Pay Invoice Automation', in which domain, and what is its status?","Automated invoice capture, three-way match and posting to S/4 to cut manual AP effort. Domain: Procurement. Status: In Delivery (business criticality: high).",P-PRO-03 -> projects.csv,P-PRO-03;PRO
Q026,lookup,easy,"What is the project 'Dealer Floorplan Financing', in which domain, and what is its status?","Wholesale financing of dealer vehicle stock with limit management, audits and interest billing. Domain: DTFS - Truck Financial Services. Status: In Delivery (business criticality: medium).",P-DTFS-06 -> projects.csv,P-DTFS-06;DTFS
Q027,lookup,easy,"What is the project 'Order-to-Delivery', in which domain, and what is its status?","End-to-end vehicle order management from configuration to delivery, integrated with SAP S/4. Domain: Sales & Aftersales. Status: Live (business criticality: critical).",P-SAL-06 -> projects.csv,P-SAL-06;SAL
Q028,lookup,easy,"What is the project 'Group Consolidation & Close', in which domain, and what is its status?","Monthly and quarterly consolidation, eliminations and group reporting on SAP Group Reporting. Domain: Finance. Status: Live (business criticality: critical).",P-FIN-03 -> projects.csv,P-FIN-03;FIN
Q029,lookup,easy,Who is in the Security Operations Center and who leads it?,Lead: Rahul Verma. Members: Rahul Verma (SOC Lead); Anna Weber (Cyber Security Analyst); Eva Lindner (Threat Detection Engineer); Mohammed Siddiqui (SOC Analyst).,T-CYB-SOC -> people.primary_team_id,T-CYB-SOC;Rahul Verma;Anna Weber;Eva Lindner;Mohammed Siddiqui
Q030,lookup,easy,Who is in the Azure AKS Team and who leads it?,Lead: Daniel Hoffmann. Members: Daniel Hoffmann (AKS Platform Lead); Sneha Kulkarni (Kubernetes SRE); Felix Wagner (DevOps Engineer).,T-AZ-AKS -> people.primary_team_id,T-AZ-AKS;Daniel Hoffmann;Sneha Kulkarni;Felix Wagner
Q031,lookup,easy,Who is in the SAP RISE Basis & Hosting Team and who leads it?,Lead: Ravi Menon. Members: Ravi Menon (SAP Basis Engineer); Stefan Kraus (SAP RISE Service Manager); Anita Deshmukh (SAP HANA DBA).,T-SAP-RISE -> people.primary_team_id,T-SAP-RISE;Ravi Menon;Stefan Kraus;Anita Deshmukh
Q032,lookup,easy,Who is in the DTFS Loan Platform Engineering and who leads it?,Lead: Alexander Beck. Members: Alexander Beck (Loan Platform Tech Lead); Ananya Krishnan (Senior Backend Engineer); Matthias Ernst (QA Lead); Rajesh Pillai (Java Developer).,T-DTF-LOS -> people.primary_team_id,T-DTF-LOS;Alexander Beck;Ananya Krishnan;Matthias Ernst;Rajesh Pillai
Q033,lookup,easy,Who is in the Supplier Portal & SRM Technical Team and who leads it?,Lead: Jan Dietrich. Members: Jan Dietrich (Supplier Portal Product Owner); Anjali Kapoor (Full-stack Developer); Benedikt Maier (Ariba Solution Lead); Sunil Gupta (Backend Developer).,T-PRO-SRM -> people.primary_team_id,T-PRO-SRM;Jan Dietrich;Anjali Kapoor;Benedikt Maier;Sunil Gupta
Q034,lookup,easy,Who is in the Dealer & Service Platform Engineering and who leads it?,Lead: Patrick Sommer. Members: Patrick Sommer (Dealer Platform Architect); Ritu Agarwal (Frontend Lead); Henrik Larsen (Cloud Developer).,T-SAL-DLR -> people.primary_team_id,T-SAL-DLR;Patrick Sommer;Ritu Agarwal;Henrik Larsen
Q035,lookup,easy,Who is in the Finance ERP Technical Team and who leads it?,Lead: Sandra Koehler. Members: Sandra Koehler (S/4 Finance Solution Architect); Deepak Malhotra (SAP FICO Consultant); Pooja Bhatt (SAP FI Developer).,T-FIN-ERP -> people.primary_team_id,T-FIN-ERP;Sandra Koehler;Deepak Malhotra;Pooja Bhatt
Q036,lookup,easy,Who is in the Databricks Platform Team and who leads it?,Lead: Nils Fischer. Members: Nils Fischer (Databricks Platform Lead); Divya Reddy (ML Platform Engineer); Oliver Grant (Data Platform Engineer).,T-DBX-PLAT -> people.primary_team_id,T-DBX-PLAT;Nils Fischer;Divya Reddy;Oliver Grant
Q037,lookup,easy,"Which services does Microsoft Azure provide in the company, and which team runs them?",Azure Kubernetes Service (Azure AKS Team); Microsoft Sentinel (Azure Platform Team); Log Analytics Workspace (Azure Platform Team); Microsoft Entra ID (Azure Platform Team); Azure Key Vault (Azure Platform Team); Azure Data Factory (Azure Data Services Team); Azure API Management (Azure Platform Team); Microsoft Defender for Cloud (Azure Platform Team); Azure SQL Database (Azure Data Services Team); Azure Networking (vWAN/ExpressRoute) (Azure Platform Team),AZURE -> platform_services,AZURE;AZ-AKS;AZ-SEN;AZ-LAW;AZ-AAD;AZ-KV;AZ-ADF;AZ-APIM;AZ-DEF;AZ-SQL;AZ-NET
Q038,lookup,easy,"Which services does Amazon Web Services provide in the company, and which team runs them?",Amazon S3 (AWS Cloud Platform Team); Amazon EKS (AWS Cloud Platform Team); AWS Lambda (AWS Cloud Platform Team); Amazon RDS (AWS Cloud Platform Team); Amazon Kinesis (AWS Cloud Platform Team); Amazon GuardDuty (AWS Cloud Platform Team),AWS -> platform_services,AWS;AWS-S3;AWS-EKS;AWS-LAM;AWS-RDS;AWS-KIN;AWS-GD
Q039,lookup,easy,"Which services does SAP Business Technology provide in the company, and which team runs them?",SAP S/4HANA Cloud (RISE) (SAP RISE Basis & Hosting Team); SAP Ariba (SAP Integration (BTP) Team); SAP Analytics Cloud (SAP Analytics Team); SAP BTP Integration Suite (SAP Integration (BTP) Team); SAP Datasphere (SAP Analytics Team); SAP GRC Access Control (SAP RISE Basis & Hosting Team); SAP SuccessFactors (HR Systems Team),SAP -> platform_services,SAP;SAP-RISE;SAP-ARI;SAP-SAC;SAP-BTP;SAP-DSP;SAP-GRC;SAP-SFSF
Q040,lookup,easy,"Which services does Snowflake provide in the company, and which team runs them?",Snowflake Data Warehouse (Snowflake Platform Team); Snowflake Secure Data Sharing (Snowflake Platform Team); Snowflake Cortex (Snowflake Platform Team),SNOWFLAKE -> platform_services,SNOWFLAKE;SNF-DW;SNF-SH;SNF-CORT
Q041,lookup,easy,"Which services does Databricks provide in the company, and which team runs them?",Databricks Lakehouse (Databricks Platform Team); Databricks ML and Model Serving (Databricks Platform Team); Databricks Unity Catalog (Databricks Platform Team); Delta Live Tables (Databricks Platform Team),DATABRICKS -> platform_services,DATABRICKS;DBX-LH;DBX-ML;DBX-UC;DBX-DLT
Q042,who_to_contact,easy,Who do I contact if Azure Kubernetes Service is degraded or I need a change?,Owned by Azure AKS Team. Team lead: Daniel Hoffmann. Team: Daniel Hoffmann; Sneha Kulkarni; Felix Wagner.,AZ-AKS -> owner_team_id -> team members,AZ-AKS;T-AZ-AKS
Q043,who_to_contact,easy,Who do I contact if Microsoft Sentinel is degraded or I need a change?,Owned by Azure Platform Team. Team lead: Markus Bauer. Team: Markus Bauer; Priya Nair; Tom Becker.,AZ-SEN -> owner_team_id -> team members,AZ-SEN;T-AZ-PLAT
Q044,who_to_contact,easy,Who do I contact if SAP S/4HANA Cloud (RISE) is degraded or I need a change?,Owned by SAP RISE Basis & Hosting Team. Team lead: Ravi Menon. Team: Ravi Menon; Stefan Kraus; Anita Deshmukh.,SAP-RISE -> owner_team_id -> team members,SAP-RISE;T-SAP-RISE
Q045,who_to_contact,easy,Who do I contact if Snowflake Data Warehouse is degraded or I need a change?,Owned by Snowflake Platform Team. Team lead: Sarah Mitchell. Team: Sarah Mitchell; Arjun Patel.,SNF-DW -> owner_team_id -> team members,SNF-DW;T-SNF-PLAT
Q046,who_to_contact,easy,Who do I contact if Databricks ML and Model Serving is degraded or I need a change?,Owned by Databricks Platform Team. Team lead: Nils Fischer. Team: Nils Fischer; Divya Reddy; Oliver Grant.,DBX-ML -> owner_team_id -> team members,DBX-ML;T-DBX-PLAT
Q047,who_to_contact,easy,Who do I contact if Amazon Kinesis is degraded or I need a change?,Owned by AWS Cloud Platform Team. Team lead: Michael Carter. Team: Michael Carter; Aisha Khan; Lukas Schmid.,AWS-KIN -> owner_team_id -> team members,AWS-KIN;T-AWS-PLAT
Q048,who_to_contact,easy,Who do I contact if SAP BTP Integration Suite is degraded or I need a change?,Owned by SAP Integration (BTP) Team. Team lead: Vikram Rao. Team: Vikram Rao; Katharina Roth.,SAP-BTP -> owner_team_id -> team members,SAP-BTP;T-SAP-INT
Q049,who_to_contact,easy,Who do I contact if Azure Data Factory is degraded or I need a change?,Owned by Azure Data Services Team. Team lead: Karthik Subramanian. Team: Karthik Subramanian; Julia Neumann.,AZ-ADF -> owner_team_id -> team members,AZ-ADF;T-AZ-DATA
Q050,who_to_contact,easy,Who do I contact if SAP Analytics Cloud is degraded or I need a change?,Owned by SAP Analytics Team. Team lead: Meera Iyer. Team: Meera Iyer; Jonas Keller.,SAP-SAC -> owner_team_id -> team members,SAP-SAC;T-SAP-ANA
Q051,who_to_contact,easy,Who do I contact if Microsoft Entra ID is degraded or I need a change?,Owned by Azure Platform Team. Team lead: Markus Bauer. Team: Markus Bauer; Priya Nair; Tom Becker.,AZ-AAD -> owner_team_id -> team members,AZ-AAD;T-AZ-PLAT
Q052,impact_analysis,hard,Which projects and teams are affected if SAP S/4HANA Cloud (RISE) has an outage?,"Directly running on it (or on services that depend on it: SAP-DSP, SAP-SAC, SAP-GRC): Identity & Access Governance (P-CYB-02); SAP S/4HANA Finance Core (P-FIN-01); Finance Analytics & Reporting (P-FIN-02); Group Consolidation & Close (P-FIN-03); Treasury & Cash Management (P-FIN-04); Intercompany & Tax Reporting (P-FIN-06); Spend Analytics (P-PRO-04); Regulatory Reporting (IFRS 9 / Basel) (P-DTFS-05); Order-to-Delivery (P-SAL-06). Downstream via critical/high dependencies: Privileged Access Management (P-CYB-06) [hop 1]; Supplier Portal (P-PRO-01) [hop 1]; Dealer Management Platform (P-SAL-01) [hop 1]; Financial Data Mart (P-FIN-05) [hop 1]; Ariba Sourcing & Contracts (P-PRO-02) [hop 1]; Procure-to-Pay Invoice Automation (P-PRO-03) [hop 1]; Loan Origination Platform (P-DTFS-01) [hop 1]; Lease & Contract Management (P-DTFS-03) [hop 1]; Dealer Floorplan Financing (P-DTFS-06) [hop 2]; Aftersales Service Portal (P-SAL-03) [hop 2]; Customer 360 & CRM Data Platform (P-SAL-02) [hop 2]; Collections & Servicing Platform (P-DTFS-04) [hop 2]; Sales Forecasting & Pricing (P-SAL-05) [hop 3]. Teams to notify: Cyber Governance, Risk & Compliance; Identity & Access Management Team; Group Accounting & Controlling; Finance ERP Technical Team; Finance Analytics Team; Treasury; Strategic Sourcing; Procurement Analytics Team; DTFS Credit & Lending Business; DTFS Credit Risk Modelling; Sales Operations; SAP Integration (BTP) Team; Supplier Portal & SRM Technical Team; Dealer & Service Platform Engineering; DTFS Loan Platform Engineering; Aftersales & Service; Sales Analytics & CRM Team; DTFS Collections & Servicing; SAP RISE Basis & Hosting Team. People allocated to affected projects: 75.","SAP-RISE -> services depending on it ['SAP-DSP', 'SAP-GRC', 'SAP-SAC'] -> projects using them -> downstream dependents (critical/high) -> business+technical teams",SAP-RISE;P-CYB-02;P-FIN-01;P-FIN-02;P-FIN-03;P-FIN-04;P-FIN-06;P-PRO-04;P-DTFS-05;P-SAL-06;P-CYB-06;P-PRO-01;P-SAL-01;P-FIN-05;P-PRO-02;P-PRO-03;P-DTFS-01;P-DTFS-03;P-DTFS-06;P-SAL-03;P-SAL-02;P-DTFS-04;P-SAL-05
Q053,impact_analysis,hard,Which projects and teams are affected if Azure Kubernetes Service has an outage?,Directly running on it: Supplier Portal (P-PRO-01); Procure-to-Pay Invoice Automation (P-PRO-03); Loan Origination Platform (P-DTFS-01); Lease & Contract Management (P-DTFS-03); Collections & Servicing Platform (P-DTFS-04); Dealer Floorplan Financing (P-DTFS-06). Downstream via critical/high dependencies: Regulatory Reporting (IFRS 9 / Basel) (P-DTFS-05) [hop 1]. Teams to notify: Strategic Sourcing; Supplier Portal & SRM Technical Team; DTFS Credit & Lending Business; DTFS Loan Platform Engineering; DTFS Collections & Servicing; DTFS Credit Risk Modelling; Azure AKS Team. People allocated to affected projects: 29.,AZ-AKS -> services depending on it [none] -> projects using them -> downstream dependents (critical/high) -> business+technical teams,AZ-AKS;P-PRO-01;P-PRO-03;P-DTFS-01;P-DTFS-03;P-DTFS-04;P-DTFS-06;P-DTFS-05
Q054,impact_analysis,hard,Which projects and teams are affected if Microsoft Entra ID has an outage?,"Directly running on it (or on services that depend on it: DBX-UC, SAP-BTP, AZ-APIM, AZ-AKS, SAP-ARI, SAP-SFSF, AZ-KV): Security Log Monitoring (SIEM) (P-CYB-01); Identity & Access Governance (P-CYB-02); Security Data Lake (P-CYB-05); Privileged Access Management (P-CYB-06); Treasury & Cash Management (P-FIN-04); Intercompany & Tax Reporting (P-FIN-06); Supplier Portal (P-PRO-01); Ariba Sourcing & Contracts (P-PRO-02); Procure-to-Pay Invoice Automation (P-PRO-03); Loan Origination Platform (P-DTFS-01); Credit Scoring Engine (P-DTFS-02); Lease & Contract Management (P-DTFS-03); Collections & Servicing Platform (P-DTFS-04); Dealer Floorplan Financing (P-DTFS-06); Order-to-Delivery (P-SAL-06); SuccessFactors HR Core (P-HR-01). Downstream via critical/high dependencies: Incident Response Automation (SOAR) (P-CYB-07) [hop 1]; SAP S/4HANA Finance Core (P-FIN-01) [hop 1]; Dealer Management Platform (P-SAL-01) [hop 1]; Group Consolidation & Close (P-FIN-03) [hop 1]; Regulatory Reporting (IFRS 9 / Basel) (P-DTFS-05) [hop 1]; Finance Analytics & Reporting (P-FIN-02) [hop 2]; Financial Data Mart (P-FIN-05) [hop 2]; Aftersales Service Portal (P-SAL-03) [hop 2]; Customer 360 & CRM Data Platform (P-SAL-02) [hop 2]; Spend Analytics (P-PRO-04) [hop 3]; Sales Forecasting & Pricing (P-SAL-05) [hop 3]. Teams to notify: Cyber Governance, Risk & Compliance; Security Operations Center; Identity & Access Management Team; Treasury; Finance ERP Technical Team; Group Accounting & Controlling; Strategic Sourcing; Supplier Portal & SRM Technical Team; DTFS Credit & Lending Business; DTFS Loan Platform Engineering; DTFS Credit Risk Modelling; DTFS Collections & Servicing; Sales Operations; SAP Integration (BTP) Team; HR Business Partners; HR Systems Team; Incident Response Team; Dealer & Service Platform Engineering; Finance Analytics Team; Aftersales & Service; Sales Analytics & CRM Team; Procurement Analytics Team; Azure Platform Team. People allocated to affected projects: 82.","AZ-AAD -> services depending on it ['AZ-AKS', 'AZ-APIM', 'AZ-KV', 'DBX-UC', 'SAP-ARI', 'SAP-BTP', 'SAP-SFSF'] -> projects using them -> downstream dependents (critical/high) -> business+technical teams",AZ-AAD;P-CYB-01;P-CYB-02;P-CYB-05;P-CYB-06;P-FIN-04;P-FIN-06;P-PRO-01;P-PRO-02;P-PRO-03;P-DTFS-01;P-DTFS-02;P-DTFS-03;P-DTFS-04;P-DTFS-06;P-SAL-06;P-HR-01;P-CYB-07;P-FIN-01;P-SAL-01;P-FIN-03;P-DTFS-05;P-FIN-02;P-FIN-05;P-SAL-03;P-SAL-02;P-PRO-04;P-SAL-05
Q055,impact_analysis,hard,Which projects and teams are affected if Azure Networking (vWAN/ExpressRoute) has an outage?,"Directly running on it (or on services that depend on it: SAP-GRC, DBX-LH, AZ-APIM, AZ-AKS, SAP-RISE, DBX-ML, AZ-ADF, SAP-DSP, SAP-SAC, DBX-DLT): Identity & Access Governance (P-CYB-02); Security Data Lake (P-CYB-05); SAP S/4HANA Finance Core (P-FIN-01); Finance Analytics & Reporting (P-FIN-02); Group Consolidation & Close (P-FIN-03); Treasury & Cash Management (P-FIN-04); Financial Data Mart (P-FIN-05); Intercompany & Tax Reporting (P-FIN-06); Supplier Portal (P-PRO-01); Procure-to-Pay Invoice Automation (P-PRO-03); Spend Analytics (P-PRO-04); Supplier Risk Scoring (P-PRO-05); Loan Origination Platform (P-DTFS-01); Credit Scoring Engine (P-DTFS-02); Lease & Contract Management (P-DTFS-03); Collections & Servicing Platform (P-DTFS-04); Regulatory Reporting (IFRS 9 / Basel) (P-DTFS-05); Dealer Floorplan Financing (P-DTFS-06); Customer 360 & CRM Data Platform (P-SAL-02); Telematics Data Ingestion (P-SAL-04); Sales Forecasting & Pricing (P-SAL-05); Order-to-Delivery (P-SAL-06). Downstream via critical/high dependencies: Privileged Access Management (P-CYB-06) [hop 1]; Dealer Management Platform (P-SAL-01) [hop 1]; Ariba Sourcing & Contracts (P-PRO-02) [hop 1]; Aftersales Service Portal (P-SAL-03) [hop 1]. Teams to notify: Cyber Governance, Risk & Compliance; Identity & Access Management Team; Security Operations Center; Group Accounting & Controlling; Finance ERP Technical Team; Finance Analytics Team; Treasury; Strategic Sourcing; Supplier Portal & SRM Technical Team; Procurement Analytics Team; DTFS Credit & Lending Business; DTFS Loan Platform Engineering; DTFS Credit Risk Modelling; DTFS Collections & Servicing; Sales Operations; Sales Analytics & CRM Team; Aftersales & Service; Dealer & Service Platform Engineering; SAP Integration (BTP) Team; Azure Platform Team. People allocated to affected projects: 79.","AZ-NET -> services depending on it ['AZ-ADF', 'AZ-AKS', 'AZ-APIM', 'DBX-DLT', 'DBX-LH', 'DBX-ML', 'SAP-DSP', 'SAP-GRC', 'SAP-RISE', 'SAP-SAC'] -> projects using them -> downstream dependents (critical/high) -> business+technical teams",AZ-NET;P-CYB-02;P-CYB-05;P-FIN-01;P-FIN-02;P-FIN-03;P-FIN-04;P-FIN-05;P-FIN-06;P-PRO-01;P-PRO-03;P-PRO-04;P-PRO-05;P-DTFS-01;P-DTFS-02;P-DTFS-03;P-DTFS-04;P-DTFS-05;P-DTFS-06;P-SAL-02;P-SAL-04;P-SAL-05;P-SAL-06;P-CYB-06;P-SAL-01;P-PRO-02;P-SAL-03
Q056,impact_analysis,hard,Which projects and teams are affected if Microsoft Sentinel has an outage?,"Directly running on it: Security Log Monitoring (SIEM) (P-CYB-01); Incident Response Automation (SOAR) (P-CYB-07). Downstream via critical/high dependencies: Security Data Lake (P-CYB-05) [hop 1]; Loan Origination Platform (P-DTFS-01) [hop 1]; Lease & Contract Management (P-DTFS-03) [hop 2]; Collections & Servicing Platform (P-DTFS-04) [hop 3]; Regulatory Reporting (IFRS 9 / Basel) (P-DTFS-05) [hop 3]. Teams to notify: Cyber Governance, Risk & Compliance; Security Operations Center; Incident Response Team; DTFS Credit & Lending Business; DTFS Loan Platform Engineering; DTFS Collections & Servicing; DTFS Credit Risk Modelling; Azure Platform Team. People allocated to affected projects: 33.",AZ-SEN -> services depending on it [none] -> projects using them -> downstream dependents (critical/high) -> business+technical teams,AZ-SEN;P-CYB-01;P-CYB-07;P-CYB-05;P-DTFS-01;P-DTFS-03;P-DTFS-04;P-DTFS-05
Q057,impact_analysis,hard,Which projects and teams are affected if Log Analytics Workspace has an outage?,"Directly running on it (or on services that depend on it: AZ-SEN, AZ-DEF): Security Log Monitoring (SIEM) (P-CYB-01); Cloud Security Posture Management (P-CYB-03); Vulnerability & Patch Management (P-CYB-04); Incident Response Automation (SOAR) (P-CYB-07). Downstream via critical/high dependencies: Security Data Lake (P-CYB-05) [hop 1]; Loan Origination Platform (P-DTFS-01) [hop 1]; Lease & Contract Management (P-DTFS-03) [hop 2]; Collections & Servicing Platform (P-DTFS-04) [hop 3]; Regulatory Reporting (IFRS 9 / Basel) (P-DTFS-05) [hop 3]. Teams to notify: Cyber Governance, Risk & Compliance; Security Operations Center; Cloud Security Engineering; Vulnerability Management Team; Incident Response Team; DTFS Credit & Lending Business; DTFS Loan Platform Engineering; DTFS Collections & Servicing; DTFS Credit Risk Modelling; Azure Platform Team. People allocated to affected projects: 38.","AZ-LAW -> services depending on it ['AZ-DEF', 'AZ-SEN'] -> projects using them -> downstream dependents (critical/high) -> business+technical teams",AZ-LAW;P-CYB-01;P-CYB-03;P-CYB-04;P-CYB-07;P-CYB-05;P-DTFS-01;P-DTFS-03;P-DTFS-04;P-DTFS-05
Q058,impact_analysis,medium,Which projects and teams are affected if Snowflake Data Warehouse has an outage?,"Directly running on it (or on services that depend on it: SNF-SH, SNF-CORT): Financial Data Mart (P-FIN-05); Spend Analytics (P-PRO-04); Regulatory Reporting (IFRS 9 / Basel) (P-DTFS-05); Customer 360 & CRM Data Platform (P-SAL-02); Sales Forecasting & Pricing (P-SAL-05). Downstream via critical/high dependencies: none. Teams to notify: Group Accounting & Controlling; Finance Analytics Team; Strategic Sourcing; Procurement Analytics Team; DTFS Credit & Lending Business; DTFS Credit Risk Modelling; Sales Operations; Sales Analytics & CRM Team; Snowflake Platform Team. People allocated to affected projects: 24.","SNF-DW -> services depending on it ['SNF-CORT', 'SNF-SH'] -> projects using them -> downstream dependents (critical/high) -> business+technical teams",SNF-DW;P-FIN-05;P-PRO-04;P-DTFS-05;P-SAL-02;P-SAL-05
Q059,impact_analysis,hard,Which projects and teams are affected if Databricks Lakehouse has an outage?,"Directly running on it (or on services that depend on it: DBX-DLT, DBX-ML): Security Data Lake (P-CYB-05); Supplier Risk Scoring (P-PRO-05); Loan Origination Platform (P-DTFS-01); Credit Scoring Engine (P-DTFS-02); Customer 360 & CRM Data Platform (P-SAL-02); Telematics Data Ingestion (P-SAL-04); Sales Forecasting & Pricing (P-SAL-05). Downstream via critical/high dependencies: Lease & Contract Management (P-DTFS-03) [hop 1]; Aftersales Service Portal (P-SAL-03) [hop 1]; Collections & Servicing Platform (P-DTFS-04) [hop 2]; Regulatory Reporting (IFRS 9 / Basel) (P-DTFS-05) [hop 2]. Teams to notify: Cyber Governance, Risk & Compliance; Security Operations Center; Strategic Sourcing; Procurement Analytics Team; DTFS Credit & Lending Business; DTFS Loan Platform Engineering; DTFS Credit Risk Modelling; Sales Operations; Sales Analytics & CRM Team; Aftersales & Service; Dealer & Service Platform Engineering; DTFS Collections & Servicing; Databricks Platform Team. People allocated to affected projects: 49.","DBX-LH -> services depending on it ['DBX-DLT', 'DBX-ML'] -> projects using them -> downstream dependents (critical/high) -> business+technical teams",DBX-LH;P-CYB-05;P-PRO-05;P-DTFS-01;P-DTFS-02;P-SAL-02;P-SAL-04;P-SAL-05;P-DTFS-03;P-SAL-03;P-DTFS-04;P-DTFS-05
Q060,impact_analysis,hard,Which projects and teams are affected if Databricks ML and Model Serving has an outage?,Directly running on it: Supplier Risk Scoring (P-PRO-05); Credit Scoring Engine (P-DTFS-02); Sales Forecasting & Pricing (P-SAL-05). Downstream via critical/high dependencies: Loan Origination Platform (P-DTFS-01) [hop 1]; Lease & Contract Management (P-DTFS-03) [hop 2]; Collections & Servicing Platform (P-DTFS-04) [hop 3]; Regulatory Reporting (IFRS 9 / Basel) (P-DTFS-05) [hop 3]. Teams to notify: Strategic Sourcing; Procurement Analytics Team; DTFS Credit & Lending Business; DTFS Credit Risk Modelling; Sales Operations; Sales Analytics & CRM Team; DTFS Loan Platform Engineering; DTFS Collections & Servicing; Databricks Platform Team. People allocated to affected projects: 32.,DBX-ML -> services depending on it [none] -> projects using them -> downstream dependents (critical/high) -> business+technical teams,DBX-ML;P-PRO-05;P-DTFS-02;P-SAL-05;P-DTFS-01;P-DTFS-03;P-DTFS-04;P-DTFS-05
Q061,impact_analysis,hard,Which projects and teams are affected if Amazon EKS has an outage?,Directly running on it: Dealer Management Platform (P-SAL-01); Aftersales Service Portal (P-SAL-03). Downstream via critical/high dependencies: Loan Origination Platform (P-DTFS-01) [hop 1]; Dealer Floorplan Financing (P-DTFS-06) [hop 1]; Customer 360 & CRM Data Platform (P-SAL-02) [hop 1]; Lease & Contract Management (P-DTFS-03) [hop 2]; Sales Forecasting & Pricing (P-SAL-05) [hop 2]; Collections & Servicing Platform (P-DTFS-04) [hop 3]; Regulatory Reporting (IFRS 9 / Basel) (P-DTFS-05) [hop 3]. Teams to notify: Sales Operations; Dealer & Service Platform Engineering; Aftersales & Service; DTFS Credit & Lending Business; DTFS Loan Platform Engineering; Sales Analytics & CRM Team; DTFS Collections & Servicing; DTFS Credit Risk Modelling; AWS Cloud Platform Team. People allocated to affected projects: 41.,AWS-EKS -> services depending on it [none] -> projects using them -> downstream dependents (critical/high) -> business+technical teams,AWS-EKS;P-SAL-01;P-SAL-03;P-DTFS-01;P-DTFS-06;P-SAL-02;P-DTFS-03;P-SAL-05;P-DTFS-04;P-DTFS-05
Q062,impact_analysis,hard,Which projects and teams are affected if Amazon Kinesis has an outage?,Directly running on it: Telematics Data Ingestion (P-SAL-04). Downstream via critical/high dependencies: Aftersales Service Portal (P-SAL-03) [hop 1]. Teams to notify: Aftersales & Service; Dealer & Service Platform Engineering; AWS Cloud Platform Team. People allocated to affected projects: 12.,AWS-KIN -> services depending on it [none] -> projects using them -> downstream dependents (critical/high) -> business+technical teams,AWS-KIN;P-SAL-04;P-SAL-03
Q063,impact_analysis,hard,Which projects and teams are affected if Amazon S3 has an outage?,"Directly running on it (or on services that depend on it: SNF-SH, SNF-DW, SNF-CORT): Financial Data Mart (P-FIN-05); Spend Analytics (P-PRO-04); Regulatory Reporting (IFRS 9 / Basel) (P-DTFS-05); Dealer Management Platform (P-SAL-01); Customer 360 & CRM Data Platform (P-SAL-02); Telematics Data Ingestion (P-SAL-04); Sales Forecasting & Pricing (P-SAL-05). Downstream via critical/high dependencies: Loan Origination Platform (P-DTFS-01) [hop 1]; Dealer Floorplan Financing (P-DTFS-06) [hop 1]; Aftersales Service Portal (P-SAL-03) [hop 1]; Lease & Contract Management (P-DTFS-03) [hop 2]; Collections & Servicing Platform (P-DTFS-04) [hop 3]. Teams to notify: Group Accounting & Controlling; Finance Analytics Team; Strategic Sourcing; Procurement Analytics Team; DTFS Credit & Lending Business; DTFS Credit Risk Modelling; Sales Operations; Dealer & Service Platform Engineering; Sales Analytics & CRM Team; Aftersales & Service; DTFS Loan Platform Engineering; DTFS Collections & Servicing; AWS Cloud Platform Team. People allocated to affected projects: 51.","AWS-S3 -> services depending on it ['SNF-CORT', 'SNF-DW', 'SNF-SH'] -> projects using them -> downstream dependents (critical/high) -> business+technical teams",AWS-S3;P-FIN-05;P-PRO-04;P-DTFS-05;P-SAL-01;P-SAL-02;P-SAL-04;P-SAL-05;P-DTFS-01;P-DTFS-06;P-SAL-03;P-DTFS-03;P-DTFS-04
Q064,impact_analysis,hard,Which projects and teams are affected if SAP BTP Integration Suite has an outage?,"Directly running on it (or on services that depend on it: SAP-ARI, SAP-SFSF): Treasury & Cash Management (P-FIN-04); Intercompany & Tax Reporting (P-FIN-06); Supplier Portal (P-PRO-01); Ariba Sourcing & Contracts (P-PRO-02); Procure-to-Pay Invoice Automation (P-PRO-03); Order-to-Delivery (P-SAL-06); SuccessFactors HR Core (P-HR-01). Downstream via critical/high dependencies: Group Consolidation & Close (P-FIN-03) [hop 1]; Dealer Management Platform (P-SAL-01) [hop 1]; Identity & Access Governance (P-CYB-02) [hop 1]; Regulatory Reporting (IFRS 9 / Basel) (P-DTFS-05) [hop 2]; Loan Origination Platform (P-DTFS-01) [hop 2]; Dealer Floorplan Financing (P-DTFS-06) [hop 2]; Aftersales Service Portal (P-SAL-03) [hop 2]; Customer 360 & CRM Data Platform (P-SAL-02) [hop 2]; Privileged Access Management (P-CYB-06) [hop 2]; SAP S/4HANA Finance Core (P-FIN-01) [hop 2]; Lease & Contract Management (P-DTFS-03) [hop 3]; Sales Forecasting & Pricing (P-SAL-05) [hop 3]; Finance Analytics & Reporting (P-FIN-02) [hop 3]; Financial Data Mart (P-FIN-05) [hop 3]; Collections & Servicing Platform (P-DTFS-04) [hop 4]; Spend Analytics (P-PRO-04) [hop 4]. Teams to notify: Treasury; Finance ERP Technical Team; Group Accounting & Controlling; Strategic Sourcing; Supplier Portal & SRM Technical Team; Sales Operations; SAP Integration (BTP) Team; HR Business Partners; HR Systems Team; Dealer & Service Platform Engineering; Cyber Governance, Risk & Compliance; Identity & Access Management Team; DTFS Credit & Lending Business; DTFS Credit Risk Modelling; DTFS Loan Platform Engineering; Aftersales & Service; Sales Analytics & CRM Team; Finance Analytics Team; DTFS Collections & Servicing; Procurement Analytics Team. People allocated to affected projects: 75.","SAP-BTP -> services depending on it ['SAP-ARI', 'SAP-SFSF'] -> projects using them -> downstream dependents (critical/high) -> business+technical teams",SAP-BTP;P-FIN-04;P-FIN-06;P-PRO-01;P-PRO-02;P-PRO-03;P-SAL-06;P-HR-01;P-FIN-03;P-SAL-01;P-CYB-02;P-DTFS-05;P-DTFS-01;P-DTFS-06;P-SAL-03;P-SAL-02;P-CYB-06;P-FIN-01;P-DTFS-03;P-SAL-05;P-FIN-02;P-FIN-05;P-DTFS-04;P-PRO-04
Q065,impact_analysis,medium,Which projects and teams are affected if SAP Datasphere has an outage?,Directly running on it (or on services that depend on it: SAP-SAC): Finance Analytics & Reporting (P-FIN-02); Group Consolidation & Close (P-FIN-03); Spend Analytics (P-PRO-04); Regulatory Reporting (IFRS 9 / Basel) (P-DTFS-05). Downstream via critical/high dependencies: none. Teams to notify: Group Accounting & Controlling; Finance Analytics Team; Finance ERP Technical Team; Strategic Sourcing; Procurement Analytics Team; DTFS Credit & Lending Business; DTFS Credit Risk Modelling; SAP Analytics Team. People allocated to affected projects: 19.,SAP-DSP -> services depending on it ['SAP-SAC'] -> projects using them -> downstream dependents (critical/high) -> business+technical teams,SAP-DSP;P-FIN-02;P-FIN-03;P-PRO-04;P-DTFS-05
Q066,impact_analysis,hard,Which projects and teams are affected if SAP Ariba has an outage?,Directly running on it: Supplier Portal (P-PRO-01); Ariba Sourcing & Contracts (P-PRO-02). Downstream via critical/high dependencies: Procure-to-Pay Invoice Automation (P-PRO-03) [hop 1]. Teams to notify: Strategic Sourcing; Supplier Portal & SRM Technical Team; SAP Integration (BTP) Team. People allocated to affected projects: 14.,SAP-ARI -> services depending on it [none] -> projects using them -> downstream dependents (critical/high) -> business+technical teams,SAP-ARI;P-PRO-01;P-PRO-02;P-PRO-03
Q067,impact_analysis,hard,Which projects and teams are affected if Azure API Management has an outage?,Directly running on it: Supplier Portal (P-PRO-01); Procure-to-Pay Invoice Automation (P-PRO-03); Loan Origination Platform (P-DTFS-01); Collections & Servicing Platform (P-DTFS-04); Dealer Floorplan Financing (P-DTFS-06). Downstream via critical/high dependencies: Lease & Contract Management (P-DTFS-03) [hop 1]; Regulatory Reporting (IFRS 9 / Basel) (P-DTFS-05) [hop 1]. Teams to notify: Strategic Sourcing; Supplier Portal & SRM Technical Team; DTFS Credit & Lending Business; DTFS Loan Platform Engineering; DTFS Collections & Servicing; DTFS Credit Risk Modelling; Azure Platform Team. People allocated to affected projects: 29.,AZ-APIM -> services depending on it [none] -> projects using them -> downstream dependents (critical/high) -> business+technical teams,AZ-APIM;P-PRO-01;P-PRO-03;P-DTFS-01;P-DTFS-04;P-DTFS-06;P-DTFS-03;P-DTFS-05
Q068,impact_analysis,hard,Which projects and teams are affected if Azure SQL Database has an outage?,Directly running on it: Lease & Contract Management (P-DTFS-03); Collections & Servicing Platform (P-DTFS-04). Downstream via critical/high dependencies: Regulatory Reporting (IFRS 9 / Basel) (P-DTFS-05) [hop 1]. Teams to notify: DTFS Credit & Lending Business; DTFS Loan Platform Engineering; DTFS Collections & Servicing; DTFS Credit Risk Modelling; Azure Data Services Team. People allocated to affected projects: 15.,AZ-SQL -> services depending on it [none] -> projects using them -> downstream dependents (critical/high) -> business+technical teams,AZ-SQL;P-DTFS-03;P-DTFS-04;P-DTFS-05
Q069,impact_analysis,medium,Which projects and teams are affected if Azure Key Vault has an outage?,"Directly running on it: Privileged Access Management (P-CYB-06). Downstream via critical/high dependencies: none. Teams to notify: Cyber Governance, Risk & Compliance; Identity & Access Management Team; Azure Platform Team. People allocated to affected projects: 3.",AZ-KV -> services depending on it [none] -> projects using them -> downstream dependents (critical/high) -> business+technical teams,AZ-KV;P-CYB-06
Q070,impact_analysis,medium,Which projects and teams are affected if SAP Analytics Cloud has an outage?,Directly running on it: Finance Analytics & Reporting (P-FIN-02); Group Consolidation & Close (P-FIN-03); Spend Analytics (P-PRO-04); Regulatory Reporting (IFRS 9 / Basel) (P-DTFS-05). Downstream via critical/high dependencies: none. Teams to notify: Group Accounting & Controlling; Finance Analytics Team; Finance ERP Technical Team; Strategic Sourcing; Procurement Analytics Team; DTFS Credit & Lending Business; DTFS Credit Risk Modelling; SAP Analytics Team. People allocated to affected projects: 19.,SAP-SAC -> services depending on it [none] -> projects using them -> downstream dependents (critical/high) -> business+technical teams,SAP-SAC;P-FIN-02;P-FIN-03;P-PRO-04;P-DTFS-05
Q071,impact_analysis,hard,Which projects and teams are affected if SAP GRC Access Control has an outage?,"Directly running on it: Identity & Access Governance (P-CYB-02). Downstream via critical/high dependencies: Privileged Access Management (P-CYB-06) [hop 1]; SAP S/4HANA Finance Core (P-FIN-01) [hop 1]; Supplier Portal (P-PRO-01) [hop 1]; Dealer Management Platform (P-SAL-01) [hop 1]; Finance Analytics & Reporting (P-FIN-02) [hop 2]; Group Consolidation & Close (P-FIN-03) [hop 2]; Treasury & Cash Management (P-FIN-04) [hop 2]; Financial Data Mart (P-FIN-05) [hop 2]; Intercompany & Tax Reporting (P-FIN-06) [hop 2]; Ariba Sourcing & Contracts (P-PRO-02) [hop 2]; Procure-to-Pay Invoice Automation (P-PRO-03) [hop 2]; Loan Origination Platform (P-DTFS-01) [hop 2]; Lease & Contract Management (P-DTFS-03) [hop 2]; Order-to-Delivery (P-SAL-06) [hop 2]; Dealer Floorplan Financing (P-DTFS-06) [hop 2]; Aftersales Service Portal (P-SAL-03) [hop 2]; Customer 360 & CRM Data Platform (P-SAL-02) [hop 2]; Regulatory Reporting (IFRS 9 / Basel) (P-DTFS-05) [hop 3]; Spend Analytics (P-PRO-04) [hop 3]; Collections & Servicing Platform (P-DTFS-04) [hop 3]; Sales Forecasting & Pricing (P-SAL-05) [hop 3]. Teams to notify: Cyber Governance, Risk & Compliance; Identity & Access Management Team; Group Accounting & Controlling; Finance ERP Technical Team; Strategic Sourcing; Supplier Portal & SRM Technical Team; Sales Operations; Dealer & Service Platform Engineering; Finance Analytics Team; Treasury; DTFS Credit & Lending Business; DTFS Loan Platform Engineering; SAP Integration (BTP) Team; Aftersales & Service; Sales Analytics & CRM Team; DTFS Credit Risk Modelling; Procurement Analytics Team; DTFS Collections & Servicing; SAP RISE Basis & Hosting Team. People allocated to affected projects: 75.",SAP-GRC -> services depending on it [none] -> projects using them -> downstream dependents (critical/high) -> business+technical teams,SAP-GRC;P-CYB-02;P-CYB-06;P-FIN-01;P-PRO-01;P-SAL-01;P-FIN-02;P-FIN-03;P-FIN-04;P-FIN-05;P-FIN-06;P-PRO-02;P-PRO-03;P-DTFS-01;P-DTFS-03;P-SAL-06;P-DTFS-06;P-SAL-03;P-SAL-02;P-DTFS-05;P-PRO-04;P-DTFS-04;P-SAL-05
Q072,impact_analysis,hard,Which projects and teams are affected if SAP SuccessFactors has an outage?,"Directly running on it: SuccessFactors HR Core (P-HR-01). Downstream via critical/high dependencies: Identity & Access Governance (P-CYB-02) [hop 1]; Privileged Access Management (P-CYB-06) [hop 2]; SAP S/4HANA Finance Core (P-FIN-01) [hop 2]; Supplier Portal (P-PRO-01) [hop 2]; Dealer Management Platform (P-SAL-01) [hop 2]; Finance Analytics & Reporting (P-FIN-02) [hop 3]; Group Consolidation & Close (P-FIN-03) [hop 3]; Treasury & Cash Management (P-FIN-04) [hop 3]; Financial Data Mart (P-FIN-05) [hop 3]; Intercompany & Tax Reporting (P-FIN-06) [hop 3]; Ariba Sourcing & Contracts (P-PRO-02) [hop 3]; Procure-to-Pay Invoice Automation (P-PRO-03) [hop 3]; Loan Origination Platform (P-DTFS-01) [hop 3]; Lease & Contract Management (P-DTFS-03) [hop 3]; Order-to-Delivery (P-SAL-06) [hop 3]; Dealer Floorplan Financing (P-DTFS-06) [hop 3]; Aftersales Service Portal (P-SAL-03) [hop 3]; Customer 360 & CRM Data Platform (P-SAL-02) [hop 3]; Regulatory Reporting (IFRS 9 / Basel) (P-DTFS-05) [hop 4]; Spend Analytics (P-PRO-04) [hop 4]; Collections & Servicing Platform (P-DTFS-04) [hop 4]; Sales Forecasting & Pricing (P-SAL-05) [hop 4]. Teams to notify: HR Business Partners; HR Systems Team; Cyber Governance, Risk & Compliance; Identity & Access Management Team; Group Accounting & Controlling; Finance ERP Technical Team; Strategic Sourcing; Supplier Portal & SRM Technical Team; Sales Operations; Dealer & Service Platform Engineering; Finance Analytics Team; Treasury; DTFS Credit & Lending Business; DTFS Loan Platform Engineering; SAP Integration (BTP) Team; Aftersales & Service; Sales Analytics & CRM Team; DTFS Credit Risk Modelling; Procurement Analytics Team; DTFS Collections & Servicing. People allocated to affected projects: 75.",SAP-SFSF -> services depending on it [none] -> projects using them -> downstream dependents (critical/high) -> business+technical teams,SAP-SFSF;P-HR-01;P-CYB-02;P-CYB-06;P-FIN-01;P-PRO-01;P-SAL-01;P-FIN-02;P-FIN-03;P-FIN-04;P-FIN-05;P-FIN-06;P-PRO-02;P-PRO-03;P-DTFS-01;P-DTFS-03;P-SAL-06;P-DTFS-06;P-SAL-03;P-SAL-02;P-DTFS-05;P-PRO-04;P-DTFS-04;P-SAL-05
Q073,impact_analysis,hard,"If Security Log Monitoring (SIEM) changes its interface or data model, which projects need testing and which teams must be informed?","Direct dependents: Incident Response Automation (SOAR) (P-CYB-07) [critical]; Security Data Lake (P-CYB-05) [high]; Cloud Security Posture Management (P-CYB-03) [medium]; Loan Origination Platform (P-DTFS-01) [high]. Full severe impact chain (critical/high): Incident Response Automation (SOAR) (P-CYB-07) [hop 1]; Security Data Lake (P-CYB-05) [hop 1]; Loan Origination Platform (P-DTFS-01) [hop 1]; Lease & Contract Management (P-DTFS-03) [hop 2]; Collections & Servicing Platform (P-DTFS-04) [hop 3]; Regulatory Reporting (IFRS 9 / Basel) (P-DTFS-05) [hop 3]. Teams to inform: Cyber Governance, Risk & Compliance; Incident Response Team; Security Operations Center; DTFS Credit & Lending Business; DTFS Loan Platform Engineering; DTFS Collections & Servicing; DTFS Credit Risk Modelling. Medium/low dependents likely see degraded features only: Cloud Security Posture Management (P-CYB-03).","P-CYB-01 <- DEPENDS_ON edges (reverse, transitive) -> consumers -> their teams",P-CYB-01;P-CYB-07;P-CYB-05;P-DTFS-01;P-DTFS-03;P-DTFS-04;P-DTFS-05
Q074,impact_analysis,hard,"If Identity & Access Governance changes its interface or data model, which projects need testing and which teams must be informed?","Direct dependents: Security Log Monitoring (SIEM) (P-CYB-01) [medium]; Privileged Access Management (P-CYB-06) [critical]; SAP S/4HANA Finance Core (P-FIN-01) [critical]; Supplier Portal (P-PRO-01) [high]; Dealer Management Platform (P-SAL-01) [high]. Full severe impact chain (critical/high): Privileged Access Management (P-CYB-06) [hop 1]; SAP S/4HANA Finance Core (P-FIN-01) [hop 1]; Supplier Portal (P-PRO-01) [hop 1]; Dealer Management Platform (P-SAL-01) [hop 1]; Finance Analytics & Reporting (P-FIN-02) [hop 2]; Group Consolidation & Close (P-FIN-03) [hop 2]; Treasury & Cash Management (P-FIN-04) [hop 2]; Financial Data Mart (P-FIN-05) [hop 2]; Intercompany & Tax Reporting (P-FIN-06) [hop 2]; Ariba Sourcing & Contracts (P-PRO-02) [hop 2]; Procure-to-Pay Invoice Automation (P-PRO-03) [hop 2]; Loan Origination Platform (P-DTFS-01) [hop 2]; Lease & Contract Management (P-DTFS-03) [hop 2]; Order-to-Delivery (P-SAL-06) [hop 2]; Dealer Floorplan Financing (P-DTFS-06) [hop 2]; Aftersales Service Portal (P-SAL-03) [hop 2]; Customer 360 & CRM Data Platform (P-SAL-02) [hop 2]; Regulatory Reporting (IFRS 9 / Basel) (P-DTFS-05) [hop 3]; Spend Analytics (P-PRO-04) [hop 3]; Collections & Servicing Platform (P-DTFS-04) [hop 3]; Sales Forecasting & Pricing (P-SAL-05) [hop 3]. Teams to inform: Cyber Governance, Risk & Compliance; Identity & Access Management Team; Group Accounting & Controlling; Finance ERP Technical Team; Strategic Sourcing; Supplier Portal & SRM Technical Team; Sales Operations; Dealer & Service Platform Engineering; Finance Analytics Team; Treasury; DTFS Credit & Lending Business; DTFS Loan Platform Engineering; SAP Integration (BTP) Team; Aftersales & Service; Sales Analytics & CRM Team; DTFS Credit Risk Modelling; Procurement Analytics Team; DTFS Collections & Servicing. Medium/low dependents likely see degraded features only: Security Log Monitoring (SIEM) (P-CYB-01).","P-CYB-02 <- DEPENDS_ON edges (reverse, transitive) -> consumers -> their teams",P-CYB-02;P-CYB-06;P-FIN-01;P-PRO-01;P-SAL-01;P-FIN-02;P-FIN-03;P-FIN-04;P-FIN-05;P-FIN-06;P-PRO-02;P-PRO-03;P-DTFS-01;P-DTFS-03;P-SAL-06;P-DTFS-06;P-SAL-03;P-SAL-02;P-DTFS-05;P-PRO-04;P-DTFS-04;P-SAL-05
Q075,impact_analysis,medium,"If Cloud Security Posture Management changes its interface or data model, which projects need testing and which teams must be informed?",Direct dependents: Vulnerability & Patch Management (P-CYB-04) [medium]; Telematics Data Ingestion (P-SAL-04) [medium]. Full severe impact chain (critical/high): none. Teams to inform: none. Medium/low dependents likely see degraded features only: Vulnerability & Patch Management (P-CYB-04); Telematics Data Ingestion (P-SAL-04).,"P-CYB-03 <- DEPENDS_ON edges (reverse, transitive) -> consumers -> their teams",P-CYB-03
Q076,impact_analysis,medium,"If Security Data Lake changes its interface or data model, which projects need testing and which teams must be informed?",Direct dependents: Supplier Risk Scoring (P-PRO-05) [low]. Full severe impact chain (critical/high): none. Teams to inform: none. Medium/low dependents likely see degraded features only: Supplier Risk Scoring (P-PRO-05).,"P-CYB-05 <- DEPENDS_ON edges (reverse, transitive) -> consumers -> their teams",P-CYB-05
Q077,impact_analysis,medium,"If Privileged Access Management changes its interface or data model, which projects need testing and which teams must be informed?",Direct dependents: Credit Scoring Engine (P-DTFS-02) [medium]. Full severe impact chain (critical/high): none. Teams to inform: none. Medium/low dependents likely see degraded features only: Credit Scoring Engine (P-DTFS-02).,"P-CYB-06 <- DEPENDS_ON edges (reverse, transitive) -> consumers -> their teams",P-CYB-06
Q078,impact_analysis,hard,"If SAP S/4HANA Finance Core changes its interface or data model, which projects need testing and which teams must be informed?",Direct dependents: Finance Analytics & Reporting (P-FIN-02) [critical]; Group Consolidation & Close (P-FIN-03) [critical]; Treasury & Cash Management (P-FIN-04) [critical]; Financial Data Mart (P-FIN-05) [high]; Intercompany & Tax Reporting (P-FIN-06) [high]; Supplier Portal (P-PRO-01) [critical]; Ariba Sourcing & Contracts (P-PRO-02) [high]; Procure-to-Pay Invoice Automation (P-PRO-03) [critical]; Loan Origination Platform (P-DTFS-01) [critical]; Lease & Contract Management (P-DTFS-03) [critical]; Dealer Floorplan Financing (P-DTFS-06) [medium]; Order-to-Delivery (P-SAL-06) [critical]. Full severe impact chain (critical/high): Finance Analytics & Reporting (P-FIN-02) [hop 1]; Group Consolidation & Close (P-FIN-03) [hop 1]; Treasury & Cash Management (P-FIN-04) [hop 1]; Financial Data Mart (P-FIN-05) [hop 1]; Intercompany & Tax Reporting (P-FIN-06) [hop 1]; Supplier Portal (P-PRO-01) [hop 1]; Ariba Sourcing & Contracts (P-PRO-02) [hop 1]; Procure-to-Pay Invoice Automation (P-PRO-03) [hop 1]; Loan Origination Platform (P-DTFS-01) [hop 1]; Lease & Contract Management (P-DTFS-03) [hop 1]; Order-to-Delivery (P-SAL-06) [hop 1]; Regulatory Reporting (IFRS 9 / Basel) (P-DTFS-05) [hop 2]; Spend Analytics (P-PRO-04) [hop 2]; Collections & Servicing Platform (P-DTFS-04) [hop 2]; Dealer Management Platform (P-SAL-01) [hop 2]; Dealer Floorplan Financing (P-DTFS-06) [hop 3]; Aftersales Service Portal (P-SAL-03) [hop 3]; Customer 360 & CRM Data Platform (P-SAL-02) [hop 3]; Sales Forecasting & Pricing (P-SAL-05) [hop 4]. Teams to inform: Group Accounting & Controlling; Finance Analytics Team; Finance ERP Technical Team; Treasury; Strategic Sourcing; Supplier Portal & SRM Technical Team; DTFS Credit & Lending Business; DTFS Loan Platform Engineering; Sales Operations; SAP Integration (BTP) Team; DTFS Credit Risk Modelling; Procurement Analytics Team; DTFS Collections & Servicing; Dealer & Service Platform Engineering; Aftersales & Service; Sales Analytics & CRM Team. Medium/low dependents likely see degraded features only: Dealer Floorplan Financing (P-DTFS-06).,"P-FIN-01 <- DEPENDS_ON edges (reverse, transitive) -> consumers -> their teams",P-FIN-01;P-FIN-02;P-FIN-03;P-FIN-04;P-FIN-05;P-FIN-06;P-PRO-01;P-PRO-02;P-PRO-03;P-DTFS-01;P-DTFS-03;P-SAL-06;P-DTFS-05;P-PRO-04;P-DTFS-04;P-SAL-01;P-DTFS-06;P-SAL-03;P-SAL-02;P-SAL-05
Q079,impact_analysis,medium,"If Group Consolidation & Close changes its interface or data model, which projects need testing and which teams must be informed?",Direct dependents: Regulatory Reporting (IFRS 9 / Basel) (P-DTFS-05) [high]. Full severe impact chain (critical/high): Regulatory Reporting (IFRS 9 / Basel) (P-DTFS-05) [hop 1]. Teams to inform: DTFS Credit & Lending Business; DTFS Credit Risk Modelling.,"P-FIN-03 <- DEPENDS_ON edges (reverse, transitive) -> consumers -> their teams",P-FIN-03;P-DTFS-05
Q080,impact_analysis,medium,"If Financial Data Mart changes its interface or data model, which projects need testing and which teams must be informed?",Direct dependents: Finance Analytics & Reporting (P-FIN-02) [medium]; Spend Analytics (P-PRO-04) [high]. Full severe impact chain (critical/high): Spend Analytics (P-PRO-04) [hop 1]. Teams to inform: Strategic Sourcing; Procurement Analytics Team. Medium/low dependents likely see degraded features only: Finance Analytics & Reporting (P-FIN-02).,"P-FIN-05 <- DEPENDS_ON edges (reverse, transitive) -> consumers -> their teams",P-FIN-05;P-PRO-04
Q081,impact_analysis,medium,"If Intercompany & Tax Reporting changes its interface or data model, which projects need testing and which teams must be informed?",Direct dependents: Group Consolidation & Close (P-FIN-03) [high]. Full severe impact chain (critical/high): Group Consolidation & Close (P-FIN-03) [hop 1]; Regulatory Reporting (IFRS 9 / Basel) (P-DTFS-05) [hop 2]. Teams to inform: Group Accounting & Controlling; Finance ERP Technical Team; DTFS Credit & Lending Business; DTFS Credit Risk Modelling.,"P-FIN-06 <- DEPENDS_ON edges (reverse, transitive) -> consumers -> their teams",P-FIN-06;P-FIN-03;P-DTFS-05
Q082,impact_analysis,medium,"If Supplier Portal changes its interface or data model, which projects need testing and which teams must be informed?",Direct dependents: Procure-to-Pay Invoice Automation (P-PRO-03) [high]; Supplier Risk Scoring (P-PRO-05) [medium]; Order-to-Delivery (P-SAL-06) [medium]. Full severe impact chain (critical/high): Procure-to-Pay Invoice Automation (P-PRO-03) [hop 1]. Teams to inform: Strategic Sourcing; Supplier Portal & SRM Technical Team. Medium/low dependents likely see degraded features only: Supplier Risk Scoring (P-PRO-05); Order-to-Delivery (P-SAL-06).,"P-PRO-01 <- DEPENDS_ON edges (reverse, transitive) -> consumers -> their teams",P-PRO-01;P-PRO-03
Q083,impact_analysis,medium,"If Ariba Sourcing & Contracts changes its interface or data model, which projects need testing and which teams must be informed?",Direct dependents: Supplier Portal (P-PRO-01) [high]; Spend Analytics (P-PRO-04) [medium]. Full severe impact chain (critical/high): Supplier Portal (P-PRO-01) [hop 1]; Procure-to-Pay Invoice Automation (P-PRO-03) [hop 2]. Teams to inform: Strategic Sourcing; Supplier Portal & SRM Technical Team. Medium/low dependents likely see degraded features only: Spend Analytics (P-PRO-04).,"P-PRO-02 <- DEPENDS_ON edges (reverse, transitive) -> consumers -> their teams",P-PRO-02;P-PRO-01;P-PRO-03
Q084,impact_analysis,medium,"If Loan Origination Platform changes its interface or data model, which projects need testing and which teams must be informed?",Direct dependents: Lease & Contract Management (P-DTFS-03) [critical]. Full severe impact chain (critical/high): Lease & Contract Management (P-DTFS-03) [hop 1]; Collections & Servicing Platform (P-DTFS-04) [hop 2]; Regulatory Reporting (IFRS 9 / Basel) (P-DTFS-05) [hop 2]. Teams to inform: DTFS Credit & Lending Business; DTFS Loan Platform Engineering; DTFS Collections & Servicing; DTFS Credit Risk Modelling.,"P-DTFS-01 <- DEPENDS_ON edges (reverse, transitive) -> consumers -> their teams",P-DTFS-01;P-DTFS-03;P-DTFS-04;P-DTFS-05
Q085,impact_analysis,hard,"If Credit Scoring Engine changes its interface or data model, which projects need testing and which teams must be informed?",Direct dependents: Loan Origination Platform (P-DTFS-01) [critical]. Full severe impact chain (critical/high): Loan Origination Platform (P-DTFS-01) [hop 1]; Lease & Contract Management (P-DTFS-03) [hop 2]; Collections & Servicing Platform (P-DTFS-04) [hop 3]; Regulatory Reporting (IFRS 9 / Basel) (P-DTFS-05) [hop 3]. Teams to inform: DTFS Credit & Lending Business; DTFS Loan Platform Engineering; DTFS Collections & Servicing; DTFS Credit Risk Modelling.,"P-DTFS-02 <- DEPENDS_ON edges (reverse, transitive) -> consumers -> their teams",P-DTFS-02;P-DTFS-01;P-DTFS-03;P-DTFS-04;P-DTFS-05
Q086,impact_analysis,medium,"If Lease & Contract Management changes its interface or data model, which projects need testing and which teams must be informed?",Direct dependents: Treasury & Cash Management (P-FIN-04) [medium]; Collections & Servicing Platform (P-DTFS-04) [critical]; Regulatory Reporting (IFRS 9 / Basel) (P-DTFS-05) [critical]. Full severe impact chain (critical/high): Collections & Servicing Platform (P-DTFS-04) [hop 1]; Regulatory Reporting (IFRS 9 / Basel) (P-DTFS-05) [hop 1]. Teams to inform: DTFS Collections & Servicing; DTFS Loan Platform Engineering; DTFS Credit & Lending Business; DTFS Credit Risk Modelling. Medium/low dependents likely see degraded features only: Treasury & Cash Management (P-FIN-04).,"P-DTFS-03 <- DEPENDS_ON edges (reverse, transitive) -> consumers -> their teams",P-DTFS-03;P-DTFS-04;P-DTFS-05
Q087,impact_analysis,medium,"If Collections & Servicing Platform changes its interface or data model, which projects need testing and which teams must be informed?",Direct dependents: Regulatory Reporting (IFRS 9 / Basel) (P-DTFS-05) [high]. Full severe impact chain (critical/high): Regulatory Reporting (IFRS 9 / Basel) (P-DTFS-05) [hop 1]. Teams to inform: DTFS Credit & Lending Business; DTFS Credit Risk Modelling.,"P-DTFS-04 <- DEPENDS_ON edges (reverse, transitive) -> consumers -> their teams",P-DTFS-04;P-DTFS-05
Q088,impact_analysis,hard,"If Dealer Management Platform changes its interface or data model, which projects need testing and which teams must be informed?",Direct dependents: Loan Origination Platform (P-DTFS-01) [high]; Dealer Floorplan Financing (P-DTFS-06) [high]; Aftersales Service Portal (P-SAL-03) [high]; Customer 360 & CRM Data Platform (P-SAL-02) [high]. Full severe impact chain (critical/high): Loan Origination Platform (P-DTFS-01) [hop 1]; Dealer Floorplan Financing (P-DTFS-06) [hop 1]; Aftersales Service Portal (P-SAL-03) [hop 1]; Customer 360 & CRM Data Platform (P-SAL-02) [hop 1]; Lease & Contract Management (P-DTFS-03) [hop 2]; Sales Forecasting & Pricing (P-SAL-05) [hop 2]; Collections & Servicing Platform (P-DTFS-04) [hop 3]; Regulatory Reporting (IFRS 9 / Basel) (P-DTFS-05) [hop 3]. Teams to inform: DTFS Credit & Lending Business; DTFS Loan Platform Engineering; Aftersales & Service; Dealer & Service Platform Engineering; Sales Operations; Sales Analytics & CRM Team; DTFS Collections & Servicing; DTFS Credit Risk Modelling.,"P-SAL-01 <- DEPENDS_ON edges (reverse, transitive) -> consumers -> their teams",P-SAL-01;P-DTFS-01;P-DTFS-06;P-SAL-03;P-SAL-02;P-DTFS-03;P-SAL-05;P-DTFS-04;P-DTFS-05
Q089,impact_analysis,medium,"If Customer 360 & CRM Data Platform changes its interface or data model, which projects need testing and which teams must be informed?",Direct dependents: Finance Analytics & Reporting (P-FIN-02) [medium]; Credit Scoring Engine (P-DTFS-02) [medium]; Sales Forecasting & Pricing (P-SAL-05) [high]. Full severe impact chain (critical/high): Sales Forecasting & Pricing (P-SAL-05) [hop 1]. Teams to inform: Sales Operations; Sales Analytics & CRM Team. Medium/low dependents likely see degraded features only: Finance Analytics & Reporting (P-FIN-02); Credit Scoring Engine (P-DTFS-02).,"P-SAL-02 <- DEPENDS_ON edges (reverse, transitive) -> consumers -> their teams",P-SAL-02;P-SAL-05
Q090,impact_analysis,medium,"If Aftersales Service Portal changes its interface or data model, which projects need testing and which teams must be informed?",Direct dependents: Customer 360 & CRM Data Platform (P-SAL-02) [medium]. Full severe impact chain (critical/high): none. Teams to inform: none. Medium/low dependents likely see degraded features only: Customer 360 & CRM Data Platform (P-SAL-02).,"P-SAL-03 <- DEPENDS_ON edges (reverse, transitive) -> consumers -> their teams",P-SAL-03
Q091,impact_analysis,medium,"If Telematics Data Ingestion changes its interface or data model, which projects need testing and which teams must be informed?",Direct dependents: Aftersales Service Portal (P-SAL-03) [high]. Full severe impact chain (critical/high): Aftersales Service Portal (P-SAL-03) [hop 1]. Teams to inform: Aftersales & Service; Dealer & Service Platform Engineering.,"P-SAL-04 <- DEPENDS_ON edges (reverse, transitive) -> consumers -> their teams",P-SAL-04;P-SAL-03
Q092,impact_analysis,hard,"If Order-to-Delivery changes its interface or data model, which projects need testing and which teams must be informed?",Direct dependents: Dealer Management Platform (P-SAL-01) [critical]; Sales Forecasting & Pricing (P-SAL-05) [medium]. Full severe impact chain (critical/high): Dealer Management Platform (P-SAL-01) [hop 1]; Loan Origination Platform (P-DTFS-01) [hop 2]; Dealer Floorplan Financing (P-DTFS-06) [hop 2]; Aftersales Service Portal (P-SAL-03) [hop 2]; Customer 360 & CRM Data Platform (P-SAL-02) [hop 2]; Lease & Contract Management (P-DTFS-03) [hop 3]; Sales Forecasting & Pricing (P-SAL-05) [hop 3]; Collections & Servicing Platform (P-DTFS-04) [hop 4]; Regulatory Reporting (IFRS 9 / Basel) (P-DTFS-05) [hop 4]. Teams to inform: Sales Operations; Dealer & Service Platform Engineering; DTFS Credit & Lending Business; DTFS Loan Platform Engineering; Aftersales & Service; Sales Analytics & CRM Team; DTFS Collections & Servicing; DTFS Credit Risk Modelling. Medium/low dependents likely see degraded features only: Sales Forecasting & Pricing (P-SAL-05).,"P-SAL-06 <- DEPENDS_ON edges (reverse, transitive) -> consumers -> their teams",P-SAL-06;P-SAL-01;P-DTFS-01;P-DTFS-06;P-SAL-03;P-SAL-02;P-DTFS-03;P-SAL-05;P-DTFS-04;P-DTFS-05
Q093,impact_analysis,hard,"If SuccessFactors HR Core changes its interface or data model, which projects need testing and which teams must be informed?","Direct dependents: Identity & Access Governance (P-CYB-02) [critical]; SAP S/4HANA Finance Core (P-FIN-01) [medium]. Full severe impact chain (critical/high): Identity & Access Governance (P-CYB-02) [hop 1]; Privileged Access Management (P-CYB-06) [hop 2]; SAP S/4HANA Finance Core (P-FIN-01) [hop 2]; Supplier Portal (P-PRO-01) [hop 2]; Dealer Management Platform (P-SAL-01) [hop 2]; Finance Analytics & Reporting (P-FIN-02) [hop 3]; Group Consolidation & Close (P-FIN-03) [hop 3]; Treasury & Cash Management (P-FIN-04) [hop 3]; Financial Data Mart (P-FIN-05) [hop 3]; Intercompany & Tax Reporting (P-FIN-06) [hop 3]; Ariba Sourcing & Contracts (P-PRO-02) [hop 3]; Procure-to-Pay Invoice Automation (P-PRO-03) [hop 3]; Loan Origination Platform (P-DTFS-01) [hop 3]; Lease & Contract Management (P-DTFS-03) [hop 3]; Order-to-Delivery (P-SAL-06) [hop 3]; Dealer Floorplan Financing (P-DTFS-06) [hop 3]; Aftersales Service Portal (P-SAL-03) [hop 3]; Customer 360 & CRM Data Platform (P-SAL-02) [hop 3]; Regulatory Reporting (IFRS 9 / Basel) (P-DTFS-05) [hop 4]; Spend Analytics (P-PRO-04) [hop 4]; Collections & Servicing Platform (P-DTFS-04) [hop 4]; Sales Forecasting & Pricing (P-SAL-05) [hop 4]. Teams to inform: Cyber Governance, Risk & Compliance; Identity & Access Management Team; Group Accounting & Controlling; Finance ERP Technical Team; Strategic Sourcing; Supplier Portal & SRM Technical Team; Sales Operations; Dealer & Service Platform Engineering; Finance Analytics Team; Treasury; DTFS Credit & Lending Business; DTFS Loan Platform Engineering; SAP Integration (BTP) Team; Aftersales & Service; Sales Analytics & CRM Team; DTFS Credit Risk Modelling; Procurement Analytics Team; DTFS Collections & Servicing. Medium/low dependents likely see degraded features only: SAP S/4HANA Finance Core (P-FIN-01).","P-HR-01 <- DEPENDS_ON edges (reverse, transitive) -> consumers -> their teams",P-HR-01;P-CYB-02;P-CYB-06;P-FIN-01;P-PRO-01;P-SAL-01;P-FIN-02;P-FIN-03;P-FIN-04;P-FIN-05;P-FIN-06;P-PRO-02;P-PRO-03;P-DTFS-01;P-DTFS-03;P-SAL-06;P-DTFS-06;P-SAL-03;P-SAL-02;P-DTFS-05;P-PRO-04;P-DTFS-04;P-SAL-05
Q094,dependency_chain,medium,"What does Regulatory Reporting (IFRS 9 / Basel) depend on, directly and indirectly?","Lease & Contract Management (P-DTFS-03) [hop 1, critical]; Collections & Servicing Platform (P-DTFS-04) [hop 1, high]; Group Consolidation & Close (P-FIN-03) [hop 1, high]; Loan Origination Platform (P-DTFS-01) [hop 2, critical]; SAP S/4HANA Finance Core (P-FIN-01) [hop 2, critical]; Intercompany & Tax Reporting (P-FIN-06) [hop 2, high]; Security Log Monitoring (SIEM) (P-CYB-01) [hop 3, high]; Credit Scoring Engine (P-DTFS-02) [hop 3, critical]; Dealer Management Platform (P-SAL-01) [hop 3, high]; Identity & Access Governance (P-CYB-02) [hop 3, critical]; SuccessFactors HR Core (P-HR-01) [hop 3, medium]; Privileged Access Management (P-CYB-06) [hop 4, medium]; Customer 360 & CRM Data Platform (P-SAL-02) [hop 4, medium]; Order-to-Delivery (P-SAL-06) [hop 4, critical]; Aftersales Service Portal (P-SAL-03) [hop 5, medium]; Supplier Portal (P-PRO-01) [hop 5, medium]; Telematics Data Ingestion (P-SAL-04) [hop 6, high]; Ariba Sourcing & Contracts (P-PRO-02) [hop 6, high]; Cloud Security Posture Management (P-CYB-03) [hop 7, medium]",P-DTFS-05 -> DEPENDS_ON (transitive),P-DTFS-05;P-DTFS-03;P-DTFS-04;P-FIN-03;P-DTFS-01;P-FIN-01;P-FIN-06;P-CYB-01;P-DTFS-02;P-SAL-01;P-CYB-02;P-HR-01;P-CYB-06;P-SAL-02;P-SAL-06;P-SAL-03;P-PRO-01;P-SAL-04;P-PRO-02;P-CYB-03
Q095,dependency_chain,medium,"What does Collections & Servicing Platform depend on, directly and indirectly?","Lease & Contract Management (P-DTFS-03) [hop 1, critical]; Loan Origination Platform (P-DTFS-01) [hop 2, critical]; SAP S/4HANA Finance Core (P-FIN-01) [hop 2, critical]; Security Log Monitoring (SIEM) (P-CYB-01) [hop 3, high]; Credit Scoring Engine (P-DTFS-02) [hop 3, critical]; Dealer Management Platform (P-SAL-01) [hop 3, high]; Identity & Access Governance (P-CYB-02) [hop 3, critical]; SuccessFactors HR Core (P-HR-01) [hop 3, medium]; Privileged Access Management (P-CYB-06) [hop 4, medium]; Customer 360 & CRM Data Platform (P-SAL-02) [hop 4, medium]; Order-to-Delivery (P-SAL-06) [hop 4, critical]; Aftersales Service Portal (P-SAL-03) [hop 5, medium]; Supplier Portal (P-PRO-01) [hop 5, medium]; Telematics Data Ingestion (P-SAL-04) [hop 6, high]; Ariba Sourcing & Contracts (P-PRO-02) [hop 6, high]; Cloud Security Posture Management (P-CYB-03) [hop 7, medium]",P-DTFS-04 -> DEPENDS_ON (transitive),P-DTFS-04;P-DTFS-03;P-DTFS-01;P-FIN-01;P-CYB-01;P-DTFS-02;P-SAL-01;P-CYB-02;P-HR-01;P-CYB-06;P-SAL-02;P-SAL-06;P-SAL-03;P-PRO-01;P-SAL-04;P-PRO-02;P-CYB-03
Q096,dependency_chain,medium,"What does Aftersales Service Portal depend on, directly and indirectly?","Dealer Management Platform (P-SAL-01) [hop 1, high]; Telematics Data Ingestion (P-SAL-04) [hop 1, high]; Identity & Access Governance (P-CYB-02) [hop 2, high]; Order-to-Delivery (P-SAL-06) [hop 2, critical]; Cloud Security Posture Management (P-CYB-03) [hop 2, medium]; SuccessFactors HR Core (P-HR-01) [hop 3, critical]; SAP S/4HANA Finance Core (P-FIN-01) [hop 3, critical]; Supplier Portal (P-PRO-01) [hop 3, medium]; Security Log Monitoring (SIEM) (P-CYB-01) [hop 3, medium]; Ariba Sourcing & Contracts (P-PRO-02) [hop 4, high]",P-SAL-03 -> DEPENDS_ON (transitive),P-SAL-03;P-SAL-01;P-SAL-04;P-CYB-02;P-SAL-06;P-CYB-03;P-HR-01;P-FIN-01;P-PRO-01;P-CYB-01;P-PRO-02
Q097,dependency_chain,medium,"What does Procure-to-Pay Invoice Automation depend on, directly and indirectly?","Supplier Portal (P-PRO-01) [hop 1, high]; SAP S/4HANA Finance Core (P-FIN-01) [hop 1, critical]; Identity & Access Governance (P-CYB-02) [hop 2, high]; Ariba Sourcing & Contracts (P-PRO-02) [hop 2, high]; SuccessFactors HR Core (P-HR-01) [hop 2, medium]",P-PRO-03 -> DEPENDS_ON (transitive),P-PRO-03;P-PRO-01;P-FIN-01;P-CYB-02;P-PRO-02;P-HR-01
Q098,dependency_chain,medium,"What does Finance Analytics & Reporting depend on, directly and indirectly?","SAP S/4HANA Finance Core (P-FIN-01) [hop 1, critical]; Financial Data Mart (P-FIN-05) [hop 1, medium]; Customer 360 & CRM Data Platform (P-SAL-02) [hop 1, medium]; Identity & Access Governance (P-CYB-02) [hop 2, critical]; SuccessFactors HR Core (P-HR-01) [hop 2, medium]; Dealer Management Platform (P-SAL-01) [hop 2, high]; Aftersales Service Portal (P-SAL-03) [hop 2, medium]; Order-to-Delivery (P-SAL-06) [hop 3, critical]; Telematics Data Ingestion (P-SAL-04) [hop 3, high]; Supplier Portal (P-PRO-01) [hop 4, medium]; Cloud Security Posture Management (P-CYB-03) [hop 4, medium]; Ariba Sourcing & Contracts (P-PRO-02) [hop 5, high]; Security Log Monitoring (SIEM) (P-CYB-01) [hop 5, medium]",P-FIN-02 -> DEPENDS_ON (transitive),P-FIN-02;P-FIN-01;P-FIN-05;P-SAL-02;P-CYB-02;P-HR-01;P-SAL-01;P-SAL-03;P-SAL-06;P-SAL-04;P-PRO-01;P-CYB-03;P-PRO-02;P-CYB-01
Q099,dependency_chain,medium,"What does Lease & Contract Management depend on, directly and indirectly?","Loan Origination Platform (P-DTFS-01) [hop 1, critical]; SAP S/4HANA Finance Core (P-FIN-01) [hop 1, critical]; Security Log Monitoring (SIEM) (P-CYB-01) [hop 2, high]; Credit Scoring Engine (P-DTFS-02) [hop 2, critical]; Dealer Management Platform (P-SAL-01) [hop 2, high]; Identity & Access Governance (P-CYB-02) [hop 2, critical]; SuccessFactors HR Core (P-HR-01) [hop 2, medium]; Privileged Access Management (P-CYB-06) [hop 3, medium]; Customer 360 & CRM Data Platform (P-SAL-02) [hop 3, medium]; Order-to-Delivery (P-SAL-06) [hop 3, critical]; Aftersales Service Portal (P-SAL-03) [hop 4, medium]; Supplier Portal (P-PRO-01) [hop 4, medium]; Telematics Data Ingestion (P-SAL-04) [hop 5, high]; Ariba Sourcing & Contracts (P-PRO-02) [hop 5, high]; Cloud Security Posture Management (P-CYB-03) [hop 6, medium]",P-DTFS-03 -> DEPENDS_ON (transitive),P-DTFS-03;P-DTFS-01;P-FIN-01;P-CYB-01;P-DTFS-02;P-SAL-01;P-CYB-02;P-HR-01;P-CYB-06;P-SAL-02;P-SAL-06;P-SAL-03;P-PRO-01;P-SAL-04;P-PRO-02;P-CYB-03
Q100,dependency_chain,medium,"What does Sales Forecasting & Pricing depend on, directly and indirectly?","Customer 360 & CRM Data Platform (P-SAL-02) [hop 1, high]; Order-to-Delivery (P-SAL-06) [hop 1, medium]; Dealer Management Platform (P-SAL-01) [hop 2, high]; Aftersales Service Portal (P-SAL-03) [hop 2, medium]; SAP S/4HANA Finance Core (P-FIN-01) [hop 2, critical]; Supplier Portal (P-PRO-01) [hop 2, medium]; Identity & Access Governance (P-CYB-02) [hop 3, high]; Telematics Data Ingestion (P-SAL-04) [hop 3, high]; SuccessFactors HR Core (P-HR-01) [hop 3, medium]; Ariba Sourcing & Contracts (P-PRO-02) [hop 3, high]; Cloud Security Posture Management (P-CYB-03) [hop 4, medium]; Security Log Monitoring (SIEM) (P-CYB-01) [hop 5, medium]",P-SAL-05 -> DEPENDS_ON (transitive),P-SAL-05;P-SAL-02;P-SAL-06;P-SAL-01;P-SAL-03;P-FIN-01;P-PRO-01;P-CYB-02;P-SAL-04;P-HR-01;P-PRO-02;P-CYB-03;P-CYB-01
Q101,dependency_chain,medium,"What does Privileged Access Management depend on, directly and indirectly?","Identity & Access Governance (P-CYB-02) [hop 1, critical]; SuccessFactors HR Core (P-HR-01) [hop 2, critical]",P-CYB-06 -> DEPENDS_ON (transitive),P-CYB-06;P-CYB-02;P-HR-01
Q102,dependency_chain,medium,"What does Spend Analytics depend on, directly and indirectly?","Financial Data Mart (P-FIN-05) [hop 1, high]; Ariba Sourcing & Contracts (P-PRO-02) [hop 1, medium]; SAP S/4HANA Finance Core (P-FIN-01) [hop 2, high]; Identity & Access Governance (P-CYB-02) [hop 3, critical]; SuccessFactors HR Core (P-HR-01) [hop 3, medium]",P-PRO-04 -> DEPENDS_ON (transitive),P-PRO-04;P-FIN-05;P-PRO-02;P-FIN-01;P-CYB-02;P-HR-01
Q103,dependency_chain,medium,"What does Incident Response Automation (SOAR) depend on, directly and indirectly?","Security Log Monitoring (SIEM) (P-CYB-01) [hop 1, critical]; Identity & Access Governance (P-CYB-02) [hop 2, medium]; SuccessFactors HR Core (P-HR-01) [hop 3, critical]",P-CYB-07 -> DEPENDS_ON (transitive),P-CYB-07;P-CYB-01;P-CYB-02;P-HR-01
Q104,cross_domain_people,medium,Who works on both Cyber Security and DTFS - Truck Financial Services projects?,"Anna Weber (Cyber Security Analyst): P-CYB-01 60%, P-DTFS-01 40%; Markus Bauer (Azure Platform Lead): P-CYB-01 20%, P-DTFS-01 20%; Nils Fischer (Databricks Platform Lead): P-DTFS-02 30%, P-CYB-05 30%; Robert Kline (Security Compliance Manager): P-CYB-04 40%, P-CYB-06 40%, P-DTFS-05 20%","allocations -> projects.domain_id in (CYB,DTFS) -> intersect people",Anna Weber;Markus Bauer;Nils Fischer;Robert Kline
Q105,cross_domain_people,medium,Who works on both Cyber Security and Finance projects?,"Julia Neumann (Data Factory Lead): P-FIN-05 30%, P-CYB-05 30%; Karthik Subramanian (Azure Data Engineer): P-FIN-05 40%, P-CYB-05 40%; Neha Sharma (IAM Engineer): P-CYB-02 70%, P-FIN-01 30%","allocations -> projects.domain_id in (CYB,FIN) -> intersect people",Julia Neumann;Karthik Subramanian;Neha Sharma
Q106,cross_domain_people,medium,Who works on both Cyber Security and Procurement projects?,"Markus Bauer (Azure Platform Lead): P-CYB-01 20%, P-PRO-01 20%; Nils Fischer (Databricks Platform Lead): P-CYB-05 30%, P-PRO-05 20%","allocations -> projects.domain_id in (CYB,PRO) -> intersect people",Markus Bauer;Nils Fischer
Q107,cross_domain_people,medium,Who works on both Cyber Security and Sales & Aftersales projects?,"Lukas Schmid (AWS Solutions Architect): P-SAL-01 50%, P-CYB-03 20%; Nils Fischer (Databricks Platform Lead): P-CYB-05 30%, P-SAL-04 20%; Oliver Grant (Data Platform Engineer): P-SAL-04 40%, P-SAL-02 30%, P-CYB-05 30%; Tobias Engel (Cloud Security Architect): P-CYB-03 70%, P-SAL-04 30%","allocations -> projects.domain_id in (CYB,SAL) -> intersect people",Lukas Schmid;Nils Fischer;Oliver Grant;Tobias Engel
Q108,cross_domain_people,medium,Who works on both Cyber Security and Human Resources (shared function) projects?,"Birgit Sauer (HR Business Partner IT & Security): P-HR-01 50%, P-CYB-02 20%; Christoph Reiter (HR Systems Lead): P-HR-01 70%, P-CYB-02 30%; Simone Arnold (HR Operations Manager): P-HR-01 60%, P-CYB-02 20%","allocations -> projects.domain_id in (CYB,HR) -> intersect people",Birgit Sauer;Christoph Reiter;Simone Arnold
Q109,cross_domain_people,medium,Who works on both DTFS - Truck Financial Services and Finance projects?,"Jonas Keller (Datasphere Architect): P-FIN-02 60%, P-DTFS-05 20%; Meera Iyer (SAP Analytics Cloud Lead): P-FIN-02 50%, P-DTFS-05 20%; Sandra Koehler (S/4 Finance Solution Architect): P-FIN-01 60%, P-FIN-03 20%, P-DTFS-03 20%; Sarah Mitchell (Snowflake Platform Lead): P-FIN-05 20%, P-DTFS-05 30%","allocations -> projects.domain_id in (DTFS,FIN) -> intersect people",Jonas Keller;Meera Iyer;Sandra Koehler;Sarah Mitchell
Q110,cross_domain_people,medium,Who works on both DTFS - Truck Financial Services and Procurement projects?,"Daniel Hoffmann (AKS Platform Lead): P-PRO-01 25%, P-DTFS-01 25%, P-DTFS-03 20%, P-DTFS-04 20%, P-DTFS-06 10%; Divya Reddy (ML Platform Engineer): P-DTFS-02 40%, P-PRO-05 30%; Jonas Keller (Datasphere Architect): P-DTFS-05 20%, P-PRO-04 20%; Markus Bauer (Azure Platform Lead): P-DTFS-01 20%, P-PRO-01 20%; Meera Iyer (SAP Analytics Cloud Lead): P-PRO-04 30%, P-DTFS-05 20%; Nils Fischer (Databricks Platform Lead): P-DTFS-02 30%, P-PRO-05 20%; Priya Nair (Cloud Network Engineer): P-PRO-01 20%, P-DTFS-01 20%; Sarah Mitchell (Snowflake Platform Lead): P-DTFS-05 30%, P-PRO-04 20%; Sneha Kulkarni (Kubernetes SRE): P-PRO-01 40%, P-DTFS-03 30%, P-DTFS-04 30%; Sophie Lenz (Head of Credit Risk Analytics): P-DTFS-02 50%, P-DTFS-05 30%, P-PRO-05 20%","allocations -> projects.domain_id in (DTFS,PRO) -> intersect people",Daniel Hoffmann;Divya Reddy;Jonas Keller;Markus Bauer;Meera Iyer;Nils Fischer;Priya Nair;Sarah Mitchell;Sneha Kulkarni;Sophie Lenz
Q111,cross_domain_people,medium,Who works on both DTFS - Truck Financial Services and Sales & Aftersales projects?,"Divya Reddy (ML Platform Engineer): P-DTFS-02 40%, P-SAL-05 30%; Laura Bennett (Dealer Network Manager): P-SAL-01 60%, P-SAL-03 20%, P-DTFS-06 20%; Nils Fischer (Databricks Platform Lead): P-DTFS-02 30%, P-SAL-04 20%; Sarah Mitchell (Snowflake Platform Lead): P-SAL-02 30%, P-DTFS-05 30%; Vivek Choudhary (ML Engineer): P-DTFS-02 70%, P-SAL-05 30%","allocations -> projects.domain_id in (DTFS,SAL) -> intersect people",Divya Reddy;Laura Bennett;Nils Fischer;Sarah Mitchell;Vivek Choudhary
Q112,cross_domain_people,medium,Who works on both Finance and Procurement projects?,"Arjun Patel (Snowflake Engineer): P-FIN-05 40%, P-PRO-04 30%; Jonas Keller (Datasphere Architect): P-FIN-02 60%, P-PRO-04 20%; Katharina Roth (Integration Developer): P-FIN-06 40%, P-PRO-02 30%; Meera Iyer (SAP Analytics Cloud Lead): P-FIN-02 50%, P-PRO-04 30%; Ravi Menon (SAP Basis Engineer): P-FIN-01 50%, P-PRO-03 30%; Sarah Mitchell (Snowflake Platform Lead): P-FIN-05 20%, P-PRO-04 20%; Vikram Rao (BTP Integration Lead): P-FIN-04 30%, P-PRO-02 30%","allocations -> projects.domain_id in (FIN,PRO) -> intersect people",Arjun Patel;Jonas Keller;Katharina Roth;Meera Iyer;Ravi Menon;Sarah Mitchell;Vikram Rao
Q113,cross_domain_people,medium,Who works on both Finance and Sales & Aftersales projects?,"Arjun Patel (Snowflake Engineer): P-FIN-05 40%, P-SAL-05 30%; Ravi Menon (SAP Basis Engineer): P-FIN-01 50%, P-SAL-06 20%; Sarah Mitchell (Snowflake Platform Lead): P-FIN-05 20%, P-SAL-02 30%; Stefan Kraus (SAP RISE Service Manager): P-FIN-01 40%, P-FIN-03 20%, P-FIN-04 20%, P-SAL-06 20%; Vikram Rao (BTP Integration Lead): P-SAL-06 40%, P-FIN-04 30%","allocations -> projects.domain_id in (FIN,SAL) -> intersect people",Arjun Patel;Ravi Menon;Sarah Mitchell;Stefan Kraus;Vikram Rao
Q114,cross_domain_people,medium,Who works on both Finance and Human Resources (shared function) projects?,"Katharina Roth (Integration Developer): P-FIN-06 40%, P-HR-01 30%; Pallavi Shetty (SuccessFactors Consultant): P-HR-01 80%, P-FIN-01 20%","allocations -> projects.domain_id in (FIN,HR) -> intersect people",Katharina Roth;Pallavi Shetty
Q115,cross_domain_people,medium,Who works on both Procurement and Sales & Aftersales projects?,"Arjun Patel (Snowflake Engineer): P-PRO-04 30%, P-SAL-05 30%; Divya Reddy (ML Platform Engineer): P-SAL-05 30%, P-PRO-05 30%; Nils Fischer (Databricks Platform Lead): P-SAL-04 20%, P-PRO-05 20%; Ravi Menon (SAP Basis Engineer): P-PRO-03 30%, P-SAL-06 20%; Sarah Mitchell (Snowflake Platform Lead): P-SAL-02 30%, P-PRO-04 20%; Vikram Rao (BTP Integration Lead): P-SAL-06 40%, P-PRO-02 30%","allocations -> projects.domain_id in (PRO,SAL) -> intersect people",Arjun Patel;Divya Reddy;Nils Fischer;Ravi Menon;Sarah Mitchell;Vikram Rao
Q116,cross_domain_people,medium,Who works on both Procurement and Human Resources (shared function) projects?,"Katharina Roth (Integration Developer): P-PRO-02 30%, P-HR-01 30%","allocations -> projects.domain_id in (PRO,HR) -> intersect people",Katharina Roth
Q117,workload,medium,Which people are allocated to 3 or more projects and how many?,"Claudia Lang (5 projects: P-CYB-01 20%, P-CYB-02 20%, P-CYB-03 15%, P-CYB-05 15%, P-CYB-07 15%); Daniel Hoffmann (5 projects: P-PRO-01 25%, P-DTFS-01 25%, P-DTFS-03 20%, P-DTFS-04 20%, P-DTFS-06 10%); Stefan Kraus (4 projects: P-FIN-01 40%, P-FIN-03 20%, P-FIN-04 20%, P-SAL-06 20%); Sarah Mitchell (4 projects: P-FIN-05 20%, P-SAL-02 30%, P-DTFS-05 30%, P-PRO-04 20%); Nils Fischer (4 projects: P-DTFS-02 30%, P-CYB-05 30%, P-SAL-04 20%, P-PRO-05 20%); Rahul Verma (3 projects: P-CYB-01 50%, P-CYB-05 30%, P-CYB-07 20%); Robert Kline (3 projects: P-CYB-04 40%, P-CYB-06 40%, P-DTFS-05 20%); Markus Bauer (3 projects: P-CYB-01 20%, P-DTFS-01 20%, P-PRO-01 20%); Sneha Kulkarni (3 projects: P-PRO-01 40%, P-DTFS-03 30%, P-DTFS-04 30%); Michael Carter (3 projects: P-SAL-01 30%, P-SAL-03 20%, P-SAL-04 20%); Ravi Menon (3 projects: P-FIN-01 50%, P-PRO-03 30%, P-SAL-06 20%); Anita Deshmukh (3 projects: P-FIN-01 60%, P-FIN-03 20%, P-FIN-06 20%); Meera Iyer (3 projects: P-FIN-02 50%, P-PRO-04 30%, P-DTFS-05 20%); Jonas Keller (3 projects: P-FIN-02 60%, P-DTFS-05 20%, P-PRO-04 20%); Vikram Rao (3 projects: P-SAL-06 40%, P-FIN-04 30%, P-PRO-02 30%); Katharina Roth (3 projects: P-FIN-06 40%, P-PRO-02 30%, P-HR-01 30%); Arjun Patel (3 projects: P-FIN-05 40%, P-PRO-04 30%, P-SAL-05 30%); Divya Reddy (3 projects: P-DTFS-02 40%, P-SAL-05 30%, P-PRO-05 30%); Oliver Grant (3 projects: P-SAL-04 40%, P-SAL-02 30%, P-CYB-05 30%); Lena Fischer (3 projects: P-FIN-01 50%, P-FIN-02 30%, P-FIN-03 20%); Thomas Albrecht (3 projects: P-FIN-03 50%, P-FIN-05 30%, P-FIN-02 20%); Sandra Koehler (3 projects: P-FIN-01 60%, P-FIN-03 20%, P-DTFS-03 20%); Andreas Schneider (3 projects: P-PRO-01 40%, P-PRO-03 40%, P-PRO-02 20%); Stephanie Krueger (3 projects: P-DTFS-03 40%, P-DTFS-05 40%, P-DTFS-01 20%); James Whitfield (3 projects: P-DTFS-02 40%, P-DTFS-06 40%, P-DTFS-01 20%); Alexander Beck (3 projects: P-DTFS-01 60%, P-DTFS-06 20%, P-DTFS-03 20%); Matthias Ernst (3 projects: P-DTFS-01 50%, P-DTFS-03 30%, P-DTFS-04 20%); Sophie Lenz (3 projects: P-DTFS-02 50%, P-DTFS-05 30%, P-PRO-05 20%); Frank Dietz (3 projects: P-SAL-02 30%, P-SAL-05 30%, P-SAL-06 40%); Laura Bennett (3 projects: P-SAL-01 60%, P-SAL-03 20%, P-DTFS-06 20%)",allocations -> count per person >=3,Claudia Lang;Daniel Hoffmann;Stefan Kraus;Sarah Mitchell;Nils Fischer;Rahul Verma;Robert Kline;Markus Bauer;Sneha Kulkarni;Michael Carter;Ravi Menon;Anita Deshmukh;Meera Iyer;Jonas Keller;Vikram Rao;Katharina Roth;Arjun Patel;Divya Reddy;Oliver Grant;Lena Fischer;Thomas Albrecht;Sandra Koehler;Andreas Schneider;Stephanie Krueger;James Whitfield;Alexander Beck;Matthias Ernst;Sophie Lenz;Frank Dietz;Laura Bennett
Q118,workload,medium,What share of people work on more than one project?,86 of 86 people (100%) work on 2 or more projects.,allocations -> count,
Q119,workload,medium,How many people work across more than one domain?,30 of 86 people (35%).,allocations -> projects.domain_id distinct,
Q120,workload,easy,Which projects does Anna Weber work on and how is the time split?,"Anna Weber (Cyber Security Analyst, Security Operations Center): Security Log Monitoring (SIEM) (P-CYB-01) 60% as Engineer / Contributor; Loan Origination Platform (P-DTFS-01) 40% as Engineer / Contributor. Unallocated remainder: 0% (run/BAU).",Anna Weber -> allocations -> projects,Anna Weber;P-CYB-01;P-DTFS-01
Q121,workload,easy,Which projects does Ravi Menon work on and how is the time split?,"Ravi Menon (SAP Basis Engineer, SAP RISE Basis & Hosting Team): SAP S/4HANA Finance Core (P-FIN-01) 50% as Platform Support; Procure-to-Pay Invoice Automation (P-PRO-03) 30% as Platform Support; Order-to-Delivery (P-SAL-06) 20% as Platform Support. Unallocated remainder: 0% (run/BAU).",Ravi Menon -> allocations -> projects,Ravi Menon;P-FIN-01;P-PRO-03;P-SAL-06
Q122,workload,easy,Which projects does Daniel Hoffmann work on and how is the time split?,"Daniel Hoffmann (AKS Platform Lead, Azure AKS Team): Supplier Portal (P-PRO-01) 25% as Platform Support; Loan Origination Platform (P-DTFS-01) 25% as Platform Support; Lease & Contract Management (P-DTFS-03) 20% as Platform Support; Collections & Servicing Platform (P-DTFS-04) 20% as Platform Support; Dealer Floorplan Financing (P-DTFS-06) 10% as Platform Support. Unallocated remainder: 0% (run/BAU).",Daniel Hoffmann -> allocations -> projects,Daniel Hoffmann;P-PRO-01;P-DTFS-01;P-DTFS-03;P-DTFS-04;P-DTFS-06
Q123,workload,easy,Which projects does Sarah Mitchell work on and how is the time split?,"Sarah Mitchell (Snowflake Platform Lead, Snowflake Platform Team): Financial Data Mart (P-FIN-05) 20% as Platform Support; Customer 360 & CRM Data Platform (P-SAL-02) 30% as Platform Support; Regulatory Reporting (IFRS 9 / Basel) (P-DTFS-05) 30% as Platform Support; Spend Analytics (P-PRO-04) 20% as Platform Support. Unallocated remainder: 0% (run/BAU).",Sarah Mitchell -> allocations -> projects,Sarah Mitchell;P-FIN-05;P-SAL-02;P-DTFS-05;P-PRO-04
Q124,workload,easy,Which projects does Neha Sharma work on and how is the time split?,"Neha Sharma (IAM Engineer, Identity & Access Management Team): Identity & Access Governance (P-CYB-02) 70% as Engineer / Contributor; SAP S/4HANA Finance Core (P-FIN-01) 30% as Engineer / Contributor. Unallocated remainder: 0% (run/BAU).",Neha Sharma -> allocations -> projects,Neha Sharma;P-CYB-02;P-FIN-01
Q125,workload,easy,Which projects does Pallavi Shetty work on and how is the time split?,"Pallavi Shetty (SuccessFactors Consultant, HR Systems Team): SuccessFactors HR Core (P-HR-01) 80% as Engineer / Contributor; SAP S/4HANA Finance Core (P-FIN-01) 20% as Engineer / Contributor. Unallocated remainder: 0% (run/BAU).",Pallavi Shetty -> allocations -> projects,Pallavi Shetty;P-HR-01;P-FIN-01
Q126,workload,easy,Which projects does Nils Fischer work on and how is the time split?,"Nils Fischer (Databricks Platform Lead, Databricks Platform Team): Credit Scoring Engine (P-DTFS-02) 30% as Platform Support; Security Data Lake (P-CYB-05) 30% as Platform Support; Telematics Data Ingestion (P-SAL-04) 20% as Platform Support; Supplier Risk Scoring (P-PRO-05) 20% as Platform Support. Unallocated remainder: 0% (run/BAU).",Nils Fischer -> allocations -> projects,Nils Fischer;P-DTFS-02;P-CYB-05;P-SAL-04;P-PRO-05
Q127,workload,easy,Which projects does Stefan Kraus work on and how is the time split?,"Stefan Kraus (SAP RISE Service Manager, SAP RISE Basis & Hosting Team): SAP S/4HANA Finance Core (P-FIN-01) 40% as Platform Support; Group Consolidation & Close (P-FIN-03) 20% as Platform Support; Treasury & Cash Management (P-FIN-04) 20% as Platform Support; Order-to-Delivery (P-SAL-06) 20% as Platform Support. Unallocated remainder: 0% (run/BAU).",Stefan Kraus -> allocations -> projects,Stefan Kraus;P-FIN-01;P-FIN-03;P-FIN-04;P-SAL-06
Q128,platform_analytics,medium,Which single platform service is used directly by the most projects?,Databricks Lakehouse (DBX-LH); SAP BTP Integration Suite (SAP-BTP); Azure Kubernetes Service (AZ-AKS) - used by 6 projects: Security Data Lake (P-CYB-05); Supplier Risk Scoring (P-PRO-05); Loan Origination Platform (P-DTFS-01); Credit Scoring Engine (P-DTFS-02); Customer 360 & CRM Data Platform (P-SAL-02); Telematics Data Ingestion (P-SAL-04).,project_service_usage -> count per service,DBX-LH;SAP-BTP;AZ-AKS
Q129,platform_analytics,medium,How many projects run on Microsoft Azure and from which domains?,"14 projects across domains CYB, DTFS, FIN, PRO: Security Log Monitoring (SIEM) (P-CYB-01); Identity & Access Governance (P-CYB-02); Cloud Security Posture Management (P-CYB-03); Vulnerability & Patch Management (P-CYB-04); Security Data Lake (P-CYB-05); Privileged Access Management (P-CYB-06); Incident Response Automation (SOAR) (P-CYB-07); Loan Origination Platform (P-DTFS-01); Lease & Contract Management (P-DTFS-03); Collections & Servicing Platform (P-DTFS-04); Dealer Floorplan Financing (P-DTFS-06); Financial Data Mart (P-FIN-05); Supplier Portal (P-PRO-01); Procure-to-Pay Invoice Automation (P-PRO-03).",services(platform) -> usage -> projects -> domains,AZURE;P-CYB-01;P-CYB-02;P-CYB-03;P-CYB-04;P-CYB-05;P-CYB-06;P-CYB-07;P-DTFS-01;P-DTFS-03;P-DTFS-04;P-DTFS-06;P-FIN-05;P-PRO-01;P-PRO-03
Q130,platform_analytics,medium,How many projects run on SAP Business Technology and from which domains?,"13 projects across domains CYB, DTFS, FIN, HR, PRO, SAL: Identity & Access Governance (P-CYB-02); Regulatory Reporting (IFRS 9 / Basel) (P-DTFS-05); SAP S/4HANA Finance Core (P-FIN-01); Finance Analytics & Reporting (P-FIN-02); Group Consolidation & Close (P-FIN-03); Treasury & Cash Management (P-FIN-04); Intercompany & Tax Reporting (P-FIN-06); SuccessFactors HR Core (P-HR-01); Supplier Portal (P-PRO-01); Ariba Sourcing & Contracts (P-PRO-02); Procure-to-Pay Invoice Automation (P-PRO-03); Spend Analytics (P-PRO-04); Order-to-Delivery (P-SAL-06).",services(platform) -> usage -> projects -> domains,SAP;P-CYB-02;P-DTFS-05;P-FIN-01;P-FIN-02;P-FIN-03;P-FIN-04;P-FIN-06;P-HR-01;P-PRO-01;P-PRO-02;P-PRO-03;P-PRO-04;P-SAL-06
Q131,platform_analytics,medium,How many projects run on Databricks and from which domains?,"7 projects across domains CYB, DTFS, PRO, SAL: Security Data Lake (P-CYB-05); Loan Origination Platform (P-DTFS-01); Credit Scoring Engine (P-DTFS-02); Supplier Risk Scoring (P-PRO-05); Customer 360 & CRM Data Platform (P-SAL-02); Telematics Data Ingestion (P-SAL-04); Sales Forecasting & Pricing (P-SAL-05).",services(platform) -> usage -> projects -> domains,DATABRICKS;P-CYB-05;P-DTFS-01;P-DTFS-02;P-PRO-05;P-SAL-02;P-SAL-04;P-SAL-05
Q132,cross_domain_people,hard,Which teams support projects in 3 or more different domains?,"Azure Platform Team: CYB, DTFS, PRO; SAP RISE Basis & Hosting Team: FIN, PRO, SAL; SAP Analytics Team: DTFS, FIN, PRO; SAP Integration (BTP) Team: FIN, HR, PRO, SAL; Snowflake Platform Team: DTFS, FIN, PRO, SAL; Databricks Platform Team: CYB, DTFS, PRO, SAL; DTFS Credit Risk Modelling: DTFS, PRO, SAL; HR Systems Team: CYB, FIN, HR",team members -> allocations -> project domains,T-AZ-PLAT;T-SAP-RISE;T-SAP-ANA;T-SAP-INT;T-SNF-PLAT;T-DBX-PLAT;T-DTF-RSK;T-HR-IT
Q133,approval_and_governance,hard,Who should approve a breaking change to SAP S/4HANA Finance Core and who must be consulted?,Approver: Lena Fischer (business owner). Technical review: Sandra Koehler and Finance ERP Technical Team. Must be consulted because they consume it: business owners Andreas Schneider; Elena Petrova; Frank Dietz; Gerhard Lutz; Isabelle Moreau; James Whitfield; Kevin O'Brien; Laura Bennett; Lena Fischer; Maria Gonzalez; Martin Seidel; Stephanie Krueger; Thomas Albrecht; Ulrike Baumann of Finance Analytics & Reporting (P-FIN-02); Group Consolidation & Close (P-FIN-03); Treasury & Cash Management (P-FIN-04); Financial Data Mart (P-FIN-05); Intercompany & Tax Reporting (P-FIN-06); Supplier Portal (P-PRO-01); Ariba Sourcing & Contracts (P-PRO-02); Procure-to-Pay Invoice Automation (P-PRO-03); Loan Origination Platform (P-DTFS-01); Lease & Contract Management (P-DTFS-03); Order-to-Delivery (P-SAL-06); Regulatory Reporting (IFRS 9 / Basel) (P-DTFS-05); Spend Analytics (P-PRO-04); Collections & Servicing Platform (P-DTFS-04); Dealer Management Platform (P-SAL-01); Dealer Floorplan Financing (P-DTFS-06); Aftersales Service Portal (P-SAL-03); Customer 360 & CRM Data Platform (P-SAL-02); Sales Forecasting & Pricing (P-SAL-05). Platform support: SAP RISE Basis & Hosting Team.,P-FIN-01 -> business_owner + tech_lead; reverse DEPENDS_ON -> consumers -> their owners; services -> owner teams,P-FIN-01;Lena Fischer;Sandra Koehler;P-FIN-02;P-FIN-03;P-FIN-04;P-FIN-05;P-FIN-06;P-PRO-01;P-PRO-02;P-PRO-03;P-DTFS-01;P-DTFS-03;P-SAL-06;P-DTFS-05;P-PRO-04;P-DTFS-04;P-SAL-01;P-DTFS-06;P-SAL-03;P-SAL-02;P-SAL-05
Q134,approval_and_governance,hard,Who should approve a breaking change to Identity & Access Governance and who must be consulted?,Approver: Claudia Lang (business owner). Technical review: Christian Vogel and Identity & Access Management Team. Must be consulted because they consume it: business owners Andreas Schneider; Elena Petrova; Frank Dietz; Gerhard Lutz; Isabelle Moreau; James Whitfield; Kevin O'Brien; Laura Bennett; Lena Fischer; Maria Gonzalez; Martin Seidel; Robert Kline; Stephanie Krueger; Thomas Albrecht; Ulrike Baumann of Privileged Access Management (P-CYB-06); SAP S/4HANA Finance Core (P-FIN-01); Supplier Portal (P-PRO-01); Dealer Management Platform (P-SAL-01); Finance Analytics & Reporting (P-FIN-02); Group Consolidation & Close (P-FIN-03); Treasury & Cash Management (P-FIN-04); Financial Data Mart (P-FIN-05); Intercompany & Tax Reporting (P-FIN-06); Ariba Sourcing & Contracts (P-PRO-02); Procure-to-Pay Invoice Automation (P-PRO-03); Loan Origination Platform (P-DTFS-01); Lease & Contract Management (P-DTFS-03); Order-to-Delivery (P-SAL-06); Dealer Floorplan Financing (P-DTFS-06); Aftersales Service Portal (P-SAL-03); Customer 360 & CRM Data Platform (P-SAL-02); Regulatory Reporting (IFRS 9 / Basel) (P-DTFS-05); Spend Analytics (P-PRO-04); Collections & Servicing Platform (P-DTFS-04); Sales Forecasting & Pricing (P-SAL-05). Platform support: Azure Platform Team; SAP RISE Basis & Hosting Team.,P-CYB-02 -> business_owner + tech_lead; reverse DEPENDS_ON -> consumers -> their owners; services -> owner teams,P-CYB-02;Claudia Lang;Christian Vogel;P-CYB-06;P-FIN-01;P-PRO-01;P-SAL-01;P-FIN-02;P-FIN-03;P-FIN-04;P-FIN-05;P-FIN-06;P-PRO-02;P-PRO-03;P-DTFS-01;P-DTFS-03;P-SAL-06;P-DTFS-06;P-SAL-03;P-SAL-02;P-DTFS-05;P-PRO-04;P-DTFS-04;P-SAL-05
Q135,approval_and_governance,hard,Who should approve a breaking change to Dealer Management Platform and who must be consulted?,Approver: Laura Bennett (business owner). Technical review: Patrick Sommer and Dealer & Service Platform Engineering. Must be consulted because they consume it: business owners Frank Dietz; Gerhard Lutz; Isabelle Moreau; James Whitfield; Stephanie Krueger; Ulrike Baumann of Loan Origination Platform (P-DTFS-01); Dealer Floorplan Financing (P-DTFS-06); Aftersales Service Portal (P-SAL-03); Customer 360 & CRM Data Platform (P-SAL-02); Lease & Contract Management (P-DTFS-03); Sales Forecasting & Pricing (P-SAL-05); Collections & Servicing Platform (P-DTFS-04); Regulatory Reporting (IFRS 9 / Basel) (P-DTFS-05). Platform support: AWS Cloud Platform Team; AWS Cloud Platform Team; AWS Cloud Platform Team.,P-SAL-01 -> business_owner + tech_lead; reverse DEPENDS_ON -> consumers -> their owners; services -> owner teams,P-SAL-01;Laura Bennett;Patrick Sommer;P-DTFS-01;P-DTFS-06;P-SAL-03;P-SAL-02;P-DTFS-03;P-SAL-05;P-DTFS-04;P-DTFS-05
Q136,approval_and_governance,medium,Who should approve a breaking change to Lease & Contract Management and who must be consulted?,Approver: Stephanie Krueger (business owner). Technical review: Ananya Krishnan and DTFS Loan Platform Engineering. Must be consulted because they consume it: business owners Stephanie Krueger; Ulrike Baumann of Collections & Servicing Platform (P-DTFS-04); Regulatory Reporting (IFRS 9 / Basel) (P-DTFS-05). Platform support: Azure AKS Team; Azure Data Services Team.,P-DTFS-03 -> business_owner + tech_lead; reverse DEPENDS_ON -> consumers -> their owners; services -> owner teams,P-DTFS-03;Stephanie Krueger;Ananya Krishnan;P-DTFS-04;P-DTFS-05
Q137,approval_and_governance,medium,Who should approve a breaking change to Supplier Portal and who must be consulted?,Approver: Andreas Schneider (business owner). Technical review: Anjali Kapoor and Supplier Portal & SRM Technical Team. Must be consulted because they consume it: business owners Andreas Schneider of Procure-to-Pay Invoice Automation (P-PRO-03). Platform support: Azure AKS Team; Azure Platform Team; SAP Integration (BTP) Team.,P-PRO-01 -> business_owner + tech_lead; reverse DEPENDS_ON -> consumers -> their owners; services -> owner teams,P-PRO-01;Andreas Schneider;Anjali Kapoor;P-PRO-03
Q138,approval_and_governance,hard,Who should approve a breaking change to SuccessFactors HR Core and who must be consulted?,Approver: Birgit Sauer (business owner). Technical review: Christoph Reiter and HR Systems Team. Must be consulted because they consume it: business owners Andreas Schneider; Claudia Lang; Elena Petrova; Frank Dietz; Gerhard Lutz; Isabelle Moreau; James Whitfield; Kevin O'Brien; Laura Bennett; Lena Fischer; Maria Gonzalez; Martin Seidel; Robert Kline; Stephanie Krueger; Thomas Albrecht; Ulrike Baumann of Identity & Access Governance (P-CYB-02); Privileged Access Management (P-CYB-06); SAP S/4HANA Finance Core (P-FIN-01); Supplier Portal (P-PRO-01); Dealer Management Platform (P-SAL-01); Finance Analytics & Reporting (P-FIN-02); Group Consolidation & Close (P-FIN-03); Treasury & Cash Management (P-FIN-04); Financial Data Mart (P-FIN-05); Intercompany & Tax Reporting (P-FIN-06); Ariba Sourcing & Contracts (P-PRO-02); Procure-to-Pay Invoice Automation (P-PRO-03); Loan Origination Platform (P-DTFS-01); Lease & Contract Management (P-DTFS-03); Order-to-Delivery (P-SAL-06); Dealer Floorplan Financing (P-DTFS-06); Aftersales Service Portal (P-SAL-03); Customer 360 & CRM Data Platform (P-SAL-02); Regulatory Reporting (IFRS 9 / Basel) (P-DTFS-05); Spend Analytics (P-PRO-04); Collections & Servicing Platform (P-DTFS-04); Sales Forecasting & Pricing (P-SAL-05). Platform support: HR Systems Team; SAP Integration (BTP) Team.,P-HR-01 -> business_owner + tech_lead; reverse DEPENDS_ON -> consumers -> their owners; services -> owner teams,P-HR-01;Birgit Sauer;Christoph Reiter;P-CYB-02;P-CYB-06;P-FIN-01;P-PRO-01;P-SAL-01;P-FIN-02;P-FIN-03;P-FIN-04;P-FIN-05;P-FIN-06;P-PRO-02;P-PRO-03;P-DTFS-01;P-DTFS-03;P-SAL-06;P-DTFS-06;P-SAL-03;P-SAL-02;P-DTFS-05;P-PRO-04;P-DTFS-04;P-SAL-05
Q139,approval_and_governance,hard,Who should approve a breaking change to Order-to-Delivery and who must be consulted?,Approver: Frank Dietz (business owner). Technical review: Vikram Rao and SAP Integration (BTP) Team. Must be consulted because they consume it: business owners Frank Dietz; Gerhard Lutz; Isabelle Moreau; James Whitfield; Laura Bennett; Stephanie Krueger; Ulrike Baumann of Dealer Management Platform (P-SAL-01); Loan Origination Platform (P-DTFS-01); Dealer Floorplan Financing (P-DTFS-06); Aftersales Service Portal (P-SAL-03); Customer 360 & CRM Data Platform (P-SAL-02); Lease & Contract Management (P-DTFS-03); Sales Forecasting & Pricing (P-SAL-05); Collections & Servicing Platform (P-DTFS-04); Regulatory Reporting (IFRS 9 / Basel) (P-DTFS-05). Platform support: SAP RISE Basis & Hosting Team; SAP Integration (BTP) Team.,P-SAL-06 -> business_owner + tech_lead; reverse DEPENDS_ON -> consumers -> their owners; services -> owner teams,P-SAL-06;Frank Dietz;Vikram Rao;P-SAL-01;P-DTFS-01;P-DTFS-06;P-SAL-03;P-SAL-02;P-DTFS-03;P-SAL-05;P-DTFS-04;P-DTFS-05
Q140,approval_and_governance,hard,Who should approve a breaking change to Security Log Monitoring (SIEM) and who must be consulted?,Approver: Claudia Lang (business owner). Technical review: Rahul Verma and Security Operations Center. Must be consulted because they consume it: business owners Claudia Lang; Isabelle Moreau; Stephanie Krueger; Ulrike Baumann of Incident Response Automation (SOAR) (P-CYB-07); Security Data Lake (P-CYB-05); Loan Origination Platform (P-DTFS-01); Lease & Contract Management (P-DTFS-03); Collections & Servicing Platform (P-DTFS-04); Regulatory Reporting (IFRS 9 / Basel) (P-DTFS-05). Platform support: Azure Platform Team; Azure Platform Team; Azure Platform Team.,P-CYB-01 -> business_owner + tech_lead; reverse DEPENDS_ON -> consumers -> their owners; services -> owner teams,P-CYB-01;Claudia Lang;Rahul Verma;P-CYB-07;P-CYB-05;P-DTFS-01;P-DTFS-03;P-DTFS-04;P-DTFS-05
Q141,approval_and_governance,hard,Who should approve a breaking change to Credit Scoring Engine and who must be consulted?,Approver: James Whitfield (business owner). Technical review: Vivek Choudhary and DTFS Credit Risk Modelling. Must be consulted because they consume it: business owners Isabelle Moreau; Stephanie Krueger; Ulrike Baumann of Loan Origination Platform (P-DTFS-01); Lease & Contract Management (P-DTFS-03); Collections & Servicing Platform (P-DTFS-04); Regulatory Reporting (IFRS 9 / Basel) (P-DTFS-05). Platform support: Databricks Platform Team; Databricks Platform Team; Databricks Platform Team.,P-DTFS-02 -> business_owner + tech_lead; reverse DEPENDS_ON -> consumers -> their owners; services -> owner teams,P-DTFS-02;James Whitfield;Vivek Choudhary;P-DTFS-01;P-DTFS-03;P-DTFS-04;P-DTFS-05
Q142,approval_and_governance,medium,Who should approve a breaking change to Financial Data Mart and who must be consulted?,Approver: Thomas Albrecht (business owner). Technical review: Suresh Kumar and Finance Analytics Team. Must be consulted because they consume it: business owners Kevin O'Brien of Spend Analytics (P-PRO-04). Platform support: Snowflake Platform Team; Azure Data Services Team.,P-FIN-05 -> business_owner + tech_lead; reverse DEPENDS_ON -> consumers -> their owners; services -> owner teams,P-FIN-05;Thomas Albrecht;Suresh Kumar;P-PRO-04
Q143,scenario,hard,A suspicious login pattern is detected against the Supplier Portal. Which projects/teams are involved in detecting and responding?,"Detection: Security Log Monitoring (SIEM) (P-CYB-01) (SIEM) run by Security Operations Center (lead Rahul Verma); identity context from Identity & Access Governance (P-CYB-02) (Identity & Access Management Team). Automated containment: Incident Response Automation (SOAR) (P-CYB-07) (Incident Response Team). Application owners: Supplier Portal (P-PRO-01) - business owner Andreas Schneider, tech lead Anjali Kapoor; hosting by Azure AKS Team.",P-PRO-01 -> DEPENDS_ON P-CYB-02 (identity) ; P-CYB-01 / P-CYB-07 monitor and respond ; AZ-AKS hosts portal,P-PRO-01;P-CYB-01;P-CYB-02;P-CYB-07;AZ-AKS
Q144,scenario,hard,HR changes the leaver-event format in SuccessFactors. What is the blast radius?,See chain: Identity & Access Governance (P-CYB-02) [hop 1]; Privileged Access Management (P-CYB-06) [hop 2]; SAP S/4HANA Finance Core (P-FIN-01) [hop 2]; Supplier Portal (P-PRO-01) [hop 2]; Dealer Management Platform (P-SAL-01) [hop 2]; Finance Analytics & Reporting (P-FIN-02) [hop 3]; Group Consolidation & Close (P-FIN-03) [hop 3]; Treasury & Cash Management (P-FIN-04) [hop 3]; Financial Data Mart (P-FIN-05) [hop 3]; Intercompany & Tax Reporting (P-FIN-06) [hop 3]; Ariba Sourcing & Contracts (P-PRO-02) [hop 3]; Procure-to-Pay Invoice Automation (P-PRO-03) [hop 3]; Loan Origination Platform (P-DTFS-01) [hop 3]; Lease & Contract Management (P-DTFS-03) [hop 3]; Order-to-Delivery (P-SAL-06) [hop 3]; Dealer Floorplan Financing (P-DTFS-06) [hop 3]; Aftersales Service Portal (P-SAL-03) [hop 3]; Customer 360 & CRM Data Platform (P-SAL-02) [hop 3]; Regulatory Reporting (IFRS 9 / Basel) (P-DTFS-05) [hop 4]; Spend Analytics (P-PRO-04) [hop 4]; Collections & Servicing Platform (P-DTFS-04) [hop 4]; Sales Forecasting & Pricing (P-SAL-05) [hop 4]. Notify business owners: Andreas Schneider; Birgit Sauer; Claudia Lang; Elena Petrova; Frank Dietz; Gerhard Lutz; Isabelle Moreau; James Whitfield; Kevin O'Brien; Laura Bennett; Lena Fischer; Maria Gonzalez; Martin Seidel; Robert Kline; Stephanie Krueger; Thomas Albrecht; Ulrike Baumann.,"P-HR-01 <- P-CYB-02 (critical) <- P-CYB-06, P-FIN-01, P-PRO-01, P-SAL-01 ...",P-HR-01;P-CYB-02;P-CYB-06;P-FIN-01;P-PRO-01;P-SAL-01;P-FIN-02;P-FIN-03;P-FIN-04;P-FIN-05;P-FIN-06;P-PRO-02;P-PRO-03;P-DTFS-01;P-DTFS-03;P-SAL-06;P-DTFS-06;P-SAL-03;P-SAL-02;P-DTFS-05;P-PRO-04;P-DTFS-04;P-SAL-05
Q145,scenario,hard,Why would a Snowflake incident reach the DTFS regulatory report even though DTFS does not own Snowflake?,"Regulatory Reporting (IFRS 9 / Basel) (P-DTFS-05) stores its regulatory data mart in Snowflake Data Warehouse (SNF-DW) and shares data via Snowflake Secure Data Sharing (SNF-SH); both are run by Snowflake Platform Team. Snowflake itself depends on Amazon S3 (AWS-S3) storage, so an S3 issue can also surface here.",P-DTFS-05 -> USES_SERVICE SNF-DW/SNF-SH -> SERVICE_DEPENDS_ON AWS-S3,P-DTFS-05;SNF-DW;SNF-SH;AWS-S3
